I_magnitude,period_days,I_band_amplitude,V_minus_I_color,star_type
15.31,3.5143544,0.443,0.7819999999999983,Cepheid
15.71,3.0610513,0.359,0.8930000000000007,Cepheid
14.301,6.8326397,0.328,0.7560000000000002,Cepheid
15.099,3.5671152,0.542,0.7149999999999999,Cepheid
15.451,2.6259978,0.432,0.6059999999999981,Cepheid
16.271,1.5715991,0.558,0.6119999999999983,Cepheid
15.045,3.8269256,0.63,0.8719999999999999,Cepheid
14.93,4.9584984,0.416,0.8550000000000004,Cepheid
15.456,2.5747764,0.679,0.5990000000000002,Cepheid
13.669,12.6202409,0.462,0.8889999999999993,Cepheid
13.696,13.6261985,0.473,0.9589999999999996,Cepheid
13.923,9.2679162,0.498,0.8079999999999998,Cepheid
15.481,2.791004,0.438,0.677999999999999,Cepheid
16.007,2.1444944,0.253,0.6999999999999993,Cepheid
15.277,3.3926236,0.561,0.7090000000000014,Cepheid
15.075,4.2751769,0.328,0.8300000000000001,Cepheid
15.108,4.0470625,0.295,0.8099999999999987,Cepheid
15.483,3.947639,0.365,0.9540000000000006,Cepheid
15.287,2.8680941,0.416,0.7460000000000004,Cepheid
15.336,3.2242953,0.605,0.7990000000000013,Cepheid
15.892,2.0829962,0.515,0.7360000000000007,Cepheid
14.361,6.2915059,0.435,0.7649999999999988,Cepheid
14.322,7.2234972,0.16,0.7440000000000015,Cepheid
15.152,2.8142081,0.509,0.4480000000000004,Cepheid
15.439,3.1226757,0.371,0.7010000000000005,Cepheid
15.299,3.2967861,0.533,0.777000000000001,Cepheid
15.154,3.8693142,0.299,0.7729999999999997,Cepheid
14.993,5.3551406,0.495,0.9420000000000002,Cepheid
14.561,9.3553088,0.287,1.2420000000000009,Cepheid
15.309,3.4482612,0.481,0.8119999999999994,Cepheid
14.357,5.9764993,0.575,0.7759999999999998,Cepheid
15.267,3.0863817,0.519,0.6660000000000004,Cepheid
14.163,7.9627788,0.314,0.8780000000000001,Cepheid
14.961,3.8328149,0.508,0.6709999999999994,Cepheid
15.096,4.8518839,0.251,1.0030000000000001,Cepheid
15.014,4.4516006,0.341,0.7990000000000013,Cepheid
14.663,5.6990471,0.354,0.8449999999999989,Cepheid
14.258,6.8938013,0.211,0.7040000000000006,Cepheid
15.843,1.9868431,0.415,0.6960000000000015,Cepheid
14.061,6.8937966,0.547,0.6969999999999992,Cepheid
15.277,3.2728082,0.507,0.7279999999999998,Cepheid
15.285,3.3972653,0.455,0.7570000000000014,Cepheid
14.908,4.7872233,0.162,0.8580000000000005,Cepheid
15.072,3.7501068,0.419,0.7970000000000006,Cepheid
15.352,3.1172612,0.404,0.754999999999999,Cepheid
15.54,3.0979652,0.396,0.8300000000000018,Cepheid
13.281,15.8313392,0.528,0.9619999999999997,Cepheid
15.954,2.1675545,0.582,0.7459999999999987,Cepheid
13.524,12.7701901,0.6,0.7420000000000009,Cepheid
14.415,5.2021228,0.664,0.6490000000000009,Cepheid
15.282,3.0408745,0.336,0.9089999999999989,Cepheid
15.507,2.802562,0.476,0.6890000000000018,Cepheid
15.469,3.2111212,0.345,0.8520000000000021,Cepheid
14.849,4.8310717,0.475,0.8019999999999996,Cepheid
15.359,3.2985065,0.361,0.7819999999999983,Cepheid
15.236,3.4348823,0.506,0.7569999999999997,Cepheid
15.43,3.1323191,0.366,0.7620000000000005,Cepheid
14.878,4.7099021,0.562,0.7439999999999998,Cepheid
15.229,2.9361153,0.454,0.6750000000000007,Cepheid
15.557,3.0538412,0.338,0.8459999999999983,Cepheid
13.885,10.3074347,0.307,0.9120000000000008,Cepheid
16.315,2.7044622,0.389,1.1409999999999982,Cepheid
15.477,3.1056658,0.347,0.8219999999999992,Cepheid
15.674,2.4584396,0.671,0.6530000000000022,Cepheid
15.533,2.6756613,0.544,0.7230000000000008,Cepheid
15.605,2.5806403,0.498,0.7199999999999989,Cepheid
15.678,3.4292095,0.423,0.9659999999999975,Cepheid
15.495,2.5877856,0.563,0.668000000000001,Cepheid
15.354,3.1175556,0.323,0.7170000000000023,Cepheid
15.128,3.9093479,0.214,0.782,Cepheid
16.737,1.134792,0.317,0.6680000000000028,Cepheid
15.348,3.6099235,0.48,0.8770000000000007,Cepheid
15.657,3.0792263,0.379,0.8629999999999995,Cepheid
15.51,3.0378546,0.283,0.7090000000000014,Cepheid
15.511,2.6900476,0.5,0.6810000000000009,Cepheid
14.642,5.9934525,0.101,0.8239999999999998,Cepheid
15.377,3.1960856,0.45,0.7479999999999993,Cepheid
15.218,4.0329591,0.332,0.8399999999999999,Cepheid
14.768,5.8299557,0.358,0.738999999999999,Cepheid
16.145,1.8308075,0.429,0.7220000000000013,Cepheid
15.473,2.5055971,0.729,0.6530000000000005,Cepheid
15.497,3.0252529,0.498,0.7579999999999991,Cepheid
15.549,2.9195001,0.398,0.782,Cepheid
14.628,5.1030234,0.479,0.766,Cepheid
14.428,6.5532865,0.345,0.8579999999999988,Cepheid
14.303,7.010495,0.528,0.8109999999999999,Cepheid
15.403,2.9701293,0.51,0.6979999999999986,Cepheid
14.451,5.5485136,0.549,0.6939999999999991,Cepheid
14.626,5.0711482,0.596,0.7060000000000013,Cepheid
13.394,15.9891376,0.743,0.8260000000000005,Cepheid
15.577,3.1069482,0.516,0.8770000000000007,Cepheid
13.49,13.9781139,0.668,0.7650000000000006,Cepheid
15.544,2.9101747,0.515,0.7409999999999997,Cepheid
13.832,12.0903122,0.531,0.9870000000000001,Cepheid
15.487,3.2003705,0.456,0.7670000000000012,Cepheid
16.049,1.6442093,0.522,0.6430000000000007,Cepheid
15.191,3.7176562,0.4,0.8300000000000001,Cepheid
14.617,5.2393607,0.57,0.6789999999999985,Cepheid
14.9,4.4211274,0.592,0.734,Cepheid
14.476,7.875625,0.41,0.8629999999999995,Cepheid
15.486,2.7138774,0.537,0.6609999999999978,Cepheid
12.984,21.610076,0.279,0.9960000000000004,Cepheid
14.132,3.5679883,0.153,0.9299999999999997,Cepheid
14.578,5.8465589,0.447,0.8550000000000004,Cepheid
15.75,2.2950206,0.464,0.7390000000000008,Cepheid
15.671,2.7961643,0.357,0.7899999999999991,Cepheid
15.513,2.9024106,0.45,0.7419999999999991,Cepheid
15.264,4.7883547,0.225,1.158999999999999,Cepheid
15.295,3.4201675,0.301,0.7919999999999998,Cepheid
15.596,2.6397216,0.496,0.7360000000000007,Cepheid
14.951,4.2000083,0.642,0.6500000000000004,Cepheid
15.294,3.5876482,0.325,0.7379999999999995,Cepheid
16.21,2.9475013,0.582,1.2390000000000008,Cepheid
15.668,2.3947188,0.354,1.0770000000000017,Cepheid
15.029,3.929258,0.444,0.7409999999999997,Cepheid
15.594,2.364484,0.668,0.5800000000000001,Cepheid
15.281,3.6198042,0.487,0.7900000000000009,Cepheid
15.215,3.4874735,0.507,0.7349999999999994,Cepheid
15.37,2.9548787,0.634,0.6150000000000002,Cepheid
14.718,5.3176982,0.425,0.8019999999999996,Cepheid
15.639,2.7055352,0.457,0.7330000000000005,Cepheid
15.531,3.2997727,0.452,0.8489999999999984,Cepheid
15.847,2.4240252,0.202,0.7230000000000008,Cepheid
15.648,2.3030707,0.532,0.6580000000000013,Cepheid
15.619,2.4772395,0.421,0.7040000000000006,Cepheid
15.297,3.0282623,0.554,0.7119999999999997,Cepheid
15.836,2.6746475,0.429,0.8819999999999997,Cepheid
14.566,6.5014987,0.131,0.9139999999999997,Cepheid
13.398,13.8791812,0.554,0.9009999999999998,Cepheid
15.306,4.0347884,0.366,0.9139999999999997,Cepheid
14.724,4.8745455,0.545,0.7289999999999992,Cepheid
15.387,3.1534353,0.417,0.7519999999999989,Cepheid
12.89,16.2231948,0.594,0.9059999999999988,Cepheid
15.399,3.2134339,0.53,0.7189999999999994,Cepheid
13.437,17.2014157,0.565,0.9160000000000004,Cepheid
15.394,3.2327071,0.541,0.7299999999999986,Cepheid
15.79,3.0956204,0.476,0.9529999999999994,Cepheid
14.917,4.6064313,0.141,0.8610000000000007,Cepheid
14.717,4.7935125,0.294,0.7149999999999999,Cepheid
15.024,5.0801591,0.219,0.9620000000000015,Cepheid
15.598,2.6091765,0.589,0.7299999999999986,Cepheid
15.117,3.6508665,0.535,0.7059999999999995,Cepheid
15.244,3.4383827,0.497,0.6479999999999997,Cepheid
14.008,7.1573841,0.374,0.6660000000000004,Cepheid
14.936,4.6800732,0.42,0.782,Cepheid
15.569,2.8123977,0.352,0.7879999999999985,Cepheid
14.93,3.8010236,0.638,0.6259999999999994,Cepheid
15.584,2.6409219,0.418,0.6969999999999992,Cepheid
14.948,4.9342803,0.373,0.7679999999999989,Cepheid
15.714,5.5572499,0.267,1.6059999999999999,Cepheid
14.948,4.0508613,0.65,0.6769999999999996,Cepheid
15.328,3.4549571,0.466,0.7370000000000019,Cepheid
15.205,3.2694733,0.515,0.6519999999999992,Cepheid
14.015,10.4850323,0.277,0.8819999999999997,Cepheid
14.942,4.6923483,0.542,0.7940000000000005,Cepheid
16.493,1.1968953,0.458,0.5970000000000013,Cepheid
15.377,3.3208465,0.464,0.7750000000000004,Cepheid
15.706,2.1149447,0.67,0.6260000000000012,Cepheid
14.924,4.5160275,0.461,0.7460000000000004,Cepheid
15.521,2.7138612,0.484,0.7109999999999985,Cepheid
15.606,3.2060928,0.361,0.8379999999999992,Cepheid
15.19,4.164651,0.466,0.8149999999999995,Cepheid
15.391,3.1850585,0.478,0.7039999999999988,Cepheid
15.325,3.7719914,0.372,0.8200000000000003,Cepheid
15.27,3.7621217,0.474,0.7789999999999999,Cepheid
13.47,14.4668998,0.514,0.8929999999999989,Cepheid
16.469,2.9990886,0.512,1.2419999999999973,Cepheid
14.81,4.3560958,0.598,0.7009999999999987,Cepheid
14.325,7.2254805,0.473,0.7330000000000005,Cepheid
14.806,4.4124018,0.407,0.625,Cepheid
17.176,2.5362274,0.284,1.5230000000000032,Cepheid
15.436,2.8664374,0.596,0.6780000000000008,Cepheid
15.085,4.9172696,0.521,0.9499999999999993,Cepheid
15.52,2.5607125,0.567,0.7270000000000003,Cepheid
14.958,4.3321972,0.613,0.7579999999999991,Cepheid
15.642,2.630509,0.332,0.7349999999999994,Cepheid
14.728,5.4639428,0.377,0.7859999999999996,Cepheid
15.76,3.1668707,0.479,1.109,Cepheid
14.972,4.3781838,0.178,0.8150000000000013,Cepheid
15.366,3.2186333,0.375,0.7669999999999995,Cepheid
14.589,5.7915097,0.497,0.7750000000000004,Cepheid
15.432,3.4164404,0.493,0.7819999999999983,Cepheid
15.46,3.34595,0.397,0.8629999999999995,Cepheid
15.353,3.0045369,0.543,0.6880000000000006,Cepheid
15.823,2.3302809,0.531,0.7300000000000004,Cepheid
15.21,4.0450941,0.489,0.8399999999999999,Cepheid
15.485,3.2125872,0.224,0.847999999999999,Cepheid
15.285,3.5448485,0.375,0.7669999999999995,Cepheid
15.379,2.7073843,0.55,0.6379999999999999,Cepheid
14.982,4.3155827,0.605,0.7300000000000004,Cepheid
15.46,3.0108718,0.478,0.7459999999999987,Cepheid
15.358,3.1551766,0.479,0.7420000000000009,Cepheid
15.097,3.9761229,0.456,0.7810000000000006,Cepheid
15.049,3.7888327,0.43,0.7270000000000003,Cepheid
16.147,1.7803921,0.516,0.6980000000000004,Cepheid
15.171,2.9467014,0.532,0.6320000000000014,Cepheid
15.296,3.6050109,0.45,0.8350000000000009,Cepheid
15.604,2.5893677,0.509,0.7300000000000004,Cepheid
16.322,1.6484303,0.397,0.6870000000000012,Cepheid
15.484,3.4721052,0.178,0.8510000000000009,Cepheid
15.375,2.9115708,0.42,0.652000000000001,Cepheid
15.163,3.8225055,0.236,0.7620000000000005,Cepheid
15.346,3.4674237,0.604,0.8200000000000003,Cepheid
15.519,2.7146787,0.56,0.6809999999999992,Cepheid
15.224,3.4201298,0.381,0.690999999999999,Cepheid
15.525,3.3461812,0.501,0.8199999999999985,Cepheid
14.949,4.226975,0.509,0.7300000000000004,Cepheid
14.933,4.2869199,0.454,0.7699999999999996,Cepheid
15.14,4.1567972,0.37,0.8469999999999995,Cepheid
15.67,3.0708515,0.423,0.8849999999999998,Cepheid
15.675,2.5040635,0.582,0.6759999999999984,Cepheid
13.921,9.7225505,0.361,0.8310000000000013,Cepheid
15.397,3.0721008,0.548,0.6910000000000007,Cepheid
15.402,3.2665755,0.562,0.7650000000000023,Cepheid
15.762,2.3242601,0.32,0.690999999999999,Cepheid
15.391,3.4065084,0.513,0.8010000000000002,Cepheid
15.182,4.2641243,0.367,0.822000000000001,Cepheid
15.36,2.7099863,0.544,0.6610000000000014,Cepheid
15.072,4.1345984,0.503,0.7370000000000001,Cepheid
14.792,4.6281968,0.532,0.7050000000000001,Cepheid
15.364,3.5283819,0.394,0.852999999999998,Cepheid
13.831,8.3031424,0.507,0.7400000000000002,Cepheid
15.353,3.3717726,0.241,0.7640000000000011,Cepheid
15.594,2.8707504,0.339,0.7249999999999996,Cepheid
13.679,12.7218273,0.492,0.9209999999999994,Cepheid
15.104,3.5841085,0.492,0.7170000000000005,Cepheid
15.33,3.1938979,0.473,0.7460000000000004,Cepheid
14.234,7.0705707,0.395,0.7479999999999993,Cepheid
15.318,3.5989663,0.422,0.8520000000000021,Cepheid
15.223,3.7262704,0.458,0.7929999999999975,Cepheid
15.733,3.8131712,0.297,1.1179999999999986,Cepheid
14.693,5.0449304,0.43,0.8019999999999996,Cepheid
16.127,2.0690647,0.494,0.7119999999999997,Cepheid
15.768,2.241141,0.451,0.7089999999999996,Cepheid
14.677,2.9189534,0.122,0.8490000000000002,Cepheid
15.568,2.6183089,0.545,0.6250000000000018,Cepheid
15.15,3.4495422,0.541,0.7309999999999999,Cepheid
16.63,1.2929977,0.434,0.6590000000000025,Cepheid
15.458,2.9711446,0.453,0.7260000000000009,Cepheid
14.694,5.2408547,0.367,0.7829999999999995,Cepheid
14.664,5.0723742,0.51,0.702,Cepheid
15.345,2.9886499,0.458,0.668000000000001,Cepheid
15.291,3.2211085,0.555,0.7249999999999979,Cepheid
15.203,3.6924247,0.281,0.7720000000000002,Cepheid
13.932,7.9260342,0.495,0.7809999999999988,Cepheid
15.947,2.0615215,0.445,0.7250000000000014,Cepheid
14.717,6.3241259,0.232,0.8819999999999997,Cepheid
14.872,4.4325522,0.595,0.6720000000000006,Cepheid
15.515,2.9171198,0.563,0.7620000000000005,Cepheid
13.695,10.4133257,0.542,0.7850000000000001,Cepheid
15.705,2.5325212,0.426,0.7329999999999988,Cepheid
15.434,2.9479126,0.409,0.6760000000000002,Cepheid
14.594,4.9424848,0.514,0.7210000000000001,Cepheid
15.521,2.7888937,0.466,0.7029999999999994,Cepheid
15.492,2.8739666,0.525,0.718,Cepheid
15.04,4.5068657,0.517,0.8440000000000012,Cepheid
12.864,10.4656437,0.205,1.1879999999999988,Cepheid
15.461,3.0289297,0.484,0.7599999999999998,Cepheid
15.208,2.9442107,0.269,0.6690000000000005,Cepheid
15.288,3.4096616,0.432,0.7519999999999989,Cepheid
15.982,2.0722102,0.5,0.6440000000000019,Cepheid
14.567,5.0433984,0.489,0.6809999999999992,Cepheid
16.022,2.8975054,0.369,1.017000000000003,Cepheid
14.018,8.0742991,0.475,0.7699999999999996,Cepheid
14.376,5.8135077,0.465,0.6910000000000007,Cepheid
14.145,9.7737705,0.439,0.9109999999999996,Cepheid
15.028,3.7846847,0.596,0.7099999999999991,Cepheid
14.341,8.9671808,0.063,1.0030000000000001,Cepheid
15.374,3.4443293,0.477,0.8749999999999982,Cepheid
14.881,4.6080794,0.475,0.7560000000000002,Cepheid
15.177,3.4779288,0.554,0.6550000000000011,Cepheid
15.954,1.9861261,0.347,0.7189999999999976,Cepheid
15.33,2.965166,0.554,0.7080000000000002,Cepheid
15.911,3.6369975,0.448,1.2720000000000002,Cepheid
15.374,3.3812925,0.282,0.7900000000000009,Cepheid
14.478,6.5776492,0.315,0.8879999999999999,Cepheid
15.782,2.8745338,0.445,0.8140000000000001,Cepheid
15.362,3.3182087,0.455,0.7529999999999983,Cepheid
15.295,3.4889475,0.448,0.8070000000000004,Cepheid
14.059,10.0438827,0.409,0.9150000000000009,Cepheid
14.404,7.2534884,0.085,0.8360000000000003,Cepheid
14.654,4.9530169,0.604,0.7080000000000002,Cepheid
15.426,3.1484565,0.273,0.7769999999999992,Cepheid
15.591,2.457417,0.22,0.6790000000000003,Cepheid
15.6,2.7277271,0.618,0.7249999999999996,Cepheid
15.408,3.1730121,0.304,0.7449999999999992,Cepheid
15.755,4.0350009,0.391,1.1129999999999978,Cepheid
16.382,1.3087944,0.492,0.8339999999999996,Cepheid
15.253,3.5682968,0.49,0.7460000000000004,Cepheid
14.35,7.369647,0.447,0.8040000000000003,Cepheid
14.377,8.8016586,0.355,0.8669999999999991,Cepheid
15.434,2.9116923,0.523,0.6899999999999995,Cepheid
13.928,9.334619,0.46,0.8009999999999984,Cepheid
15.628,2.7574618,0.437,0.782,Cepheid
17.007,2.3893427,0.495,1.3969999999999985,Cepheid
14.173,9.364163,0.2,0.9759999999999991,Cepheid
16.236,1.7072449,0.364,0.6600000000000001,Cepheid
15.464,2.7641614,0.61,0.6910000000000007,Cepheid
14.944,4.7407623,0.446,0.7929999999999993,Cepheid
14.01,9.2014596,0.214,0.8100000000000005,Cepheid
15.247,3.8118711,0.272,0.7910000000000004,Cepheid
13.829,10.5200613,0.249,0.9870000000000001,Cepheid
15.072,3.7686311,0.524,0.6900000000000013,Cepheid
13.904,8.5591831,0.456,0.7910000000000004,Cepheid
15.357,2.7924143,0.497,0.6100000000000012,Cepheid
14.155,7.8447462,0.28,0.8370000000000015,Cepheid
15.234,4.0692071,0.429,0.9389999999999983,Cepheid
16.383,1.4770754,0.235,0.7119999999999997,Cepheid
14.592,6.394355,0.266,0.9450000000000003,Cepheid
15.551,3.2755943,0.303,0.8280000000000012,Cepheid
14.67,5.1749792,0.544,0.7319999999999993,Cepheid
15.451,3.0805803,0.407,0.718,Cepheid
15.036,3.9292771,0.485,0.7460000000000004,Cepheid
14.419,5.5074028,0.533,0.6639999999999997,Cepheid
15.422,3.1025766,0.484,0.7590000000000003,Cepheid
14.877,4.9932456,0.33,0.8069999999999986,Cepheid
15.471,3.3099928,0.491,0.8649999999999984,Cepheid
15.06,4.5089533,0.42,0.831999999999999,Cepheid
15.948,2.1269245,0.542,0.7010000000000005,Cepheid
13.67,12.9496038,0.581,0.9450000000000003,Cepheid
16.172,1.9374447,0.468,0.727999999999998,Cepheid
15.504,2.7664832,0.415,0.7260000000000009,Cepheid
15.36,2.9226508,0.539,0.6440000000000019,Cepheid
15.476,2.9125537,0.488,0.6489999999999991,Cepheid
15.218,3.7088035,0.379,0.7910000000000004,Cepheid
16.021,2.726971,0.573,0.9250000000000007,Cepheid
14.779,5.5496495,0.408,0.8580000000000005,Cepheid
15.272,3.2801219,0.414,0.6989999999999998,Cepheid
15.437,3.3829234,0.35,0.802999999999999,Cepheid
15.495,2.99997,0.355,0.7350000000000012,Cepheid
15.719,2.8308179,0.309,0.8420000000000005,Cepheid
15.425,2.7448176,0.641,0.602999999999998,Cepheid
15.718,2.4740599,0.475,0.7139999999999986,Cepheid
15.517,2.3352899,0.687,0.5689999999999991,Cepheid
15.164,3.9130763,0.639,0.766,Cepheid
16.706,3.4703605,0.342,1.6750000000000007,Cepheid
15.056,4.0208293,0.306,0.7970000000000006,Cepheid
15.324,2.8396459,0.718,0.6620000000000008,Cepheid
15.24,3.3030524,0.488,0.6630000000000003,Cepheid
15.15,3.7522389,0.405,0.8200000000000003,Cepheid
14.984,4.8518017,0.48,0.8830000000000009,Cepheid
15.247,3.4962831,0.42,0.7779999999999987,Cepheid
15.427,3.0812677,0.45,0.7280000000000015,Cepheid
15.481,2.9744927,0.447,0.7490000000000006,Cepheid
15.217,3.6162128,0.385,0.770999999999999,Cepheid
14.672,5.5830671,0.243,0.7149999999999999,Cepheid
16.119,1.9284766,0.632,0.6879999999999988,Cepheid
15.066,4.5505746,0.336,0.8849999999999998,Cepheid
15.081,4.0956317,0.387,0.8179999999999996,Cepheid
15.399,3.1458169,0.513,0.7760000000000016,Cepheid
15.345,3.0735288,0.398,0.6959999999999997,Cepheid
15.128,4.0049828,0.547,0.7899999999999991,Cepheid
15.34,3.6523662,0.363,0.8099999999999987,Cepheid
15.664,2.3912232,0.633,0.702,Cepheid
14.653,6.1535625,0.251,0.8569999999999993,Cepheid
15.228,3.7271898,0.226,0.7750000000000004,Cepheid
14.655,5.2297043,0.494,0.6910000000000007,Cepheid
15.673,2.8754449,0.37,0.8390000000000004,Cepheid
15.716,2.4888918,0.298,0.702,Cepheid
14.459,6.4064766,0.351,0.8079999999999998,Cepheid
13.666,11.2313527,0.449,0.8710000000000004,Cepheid
15.749,2.6618625,0.581,0.868999999999998,Cepheid
16.864,1.2900238,0.289,0.6069999999999993,Cepheid
14.164,6.9369338,0.448,0.7680000000000007,Cepheid
13.654,12.2633195,0.387,0.8979999999999997,Cepheid
14.529,6.0134457,0.134,0.8339999999999996,Cepheid
15.234,3.8869678,0.388,0.7670000000000012,Cepheid
15.416,2.849398,0.362,0.6340000000000003,Cepheid
15.708,2.3831126,0.646,0.6629999999999985,Cepheid
15.608,3.1175013,0.32,0.8279999999999994,Cepheid
15.001,5.3041197,0.483,0.9410000000000007,Cepheid
15.259,3.5060409,0.285,0.734,Cepheid
14.796,5.1908547,0.458,0.8060000000000009,Cepheid
15.254,3.5101468,0.417,0.7569999999999997,Cepheid
15.323,3.0758369,0.494,0.6639999999999997,Cepheid
14.845,7.6851558,0.354,1.1869999999999994,Cepheid
13.215,15.8439736,0.704,0.8629999999999995,Cepheid
15.9,2.6060163,0.53,0.9039999999999981,Cepheid
13.923,5.7773189,0.3,0.6760000000000002,Cepheid
15.091,4.3808293,0.405,0.7890000000000015,Cepheid
15.525,3.0669047,0.271,0.7829999999999995,Cepheid
15.423,3.0693572,0.343,0.7449999999999992,Cepheid
14.823,6.2700103,0.194,1.0169999999999995,Cepheid
15.211,3.7269067,0.429,0.7449999999999992,Cepheid
15.385,3.1259073,0.533,0.7649999999999988,Cepheid
15.328,2.811779,0.636,0.636000000000001,Cepheid
16.301,1.4136043,0.231,0.6900000000000013,Cepheid
15.183,2.9596173,0.259,0.697000000000001,Cepheid
15.29,2.5359015,0.22,0.6780000000000008,Cepheid
14.911,4.6088329,0.355,0.8109999999999999,Cepheid
15.363,4.2226468,0.45,1.0470000000000006,Cepheid
14.57,6.5464473,0.336,0.7359999999999989,Cepheid
13.91,9.6109017,0.498,0.8079999999999998,Cepheid
14.535,6.3756704,0.108,0.8119999999999994,Cepheid
15.036,3.9766665,0.384,0.7160000000000011,Cepheid
16.072,1.8744954,0.633,0.6359999999999992,Cepheid
14.845,4.1678168,0.464,0.7039999999999988,Cepheid
13.731,11.4460178,0.62,0.8100000000000005,Cepheid
15.308,3.0859945,0.414,0.6799999999999997,Cepheid
15.231,3.4171292,0.471,0.7460000000000004,Cepheid
15.254,3.5551747,0.437,0.7969999999999988,Cepheid
15.226,3.200247,0.454,0.8459999999999983,Cepheid
15.284,3.0735156,0.403,0.5909999999999993,Cepheid
15.749,2.3825726,0.419,0.738999999999999,Cepheid
15.226,3.5559869,0.362,0.7539999999999996,Cepheid
16.256,1.6128666,0.62,0.713000000000001,Cepheid
15.033,4.2042147,0.538,0.7210000000000001,Cepheid
15.342,3.3859171,0.298,0.7559999999999985,Cepheid
15.35,2.7079591,0.716,0.6390000000000011,Cepheid
15.12,4.0004529,0.51,0.7330000000000005,Cepheid
14.791,5.9199569,0.554,0.895999999999999,Cepheid
14.093,8.8309672,0.495,0.7970000000000006,Cepheid
14.882,4.4310456,0.604,0.75,Cepheid
14.708,5.0265909,0.553,0.7720000000000002,Cepheid
15.335,3.3540042,0.583,0.7070000000000007,Cepheid
14.28,5.0640578,0.297,0.41999999999999993,Cepheid
15.696,2.5705916,0.395,0.7329999999999988,Cepheid
15.256,3.5911192,0.436,0.7309999999999999,Cepheid
15.006,3.493322,0.532,0.6669999999999998,Cepheid
15.276,3.4896325,0.48,0.7100000000000009,Cepheid
15.973,2.0656322,0.32,0.7080000000000002,Cepheid
14.789,4.6770386,0.51,0.6910000000000007,Cepheid
14.64,4.6750779,0.505,0.7089999999999996,Cepheid
14.467,6.8904449,0.213,0.8360000000000003,Cepheid
14.42,6.6967511,0.386,0.7759999999999998,Cepheid
15.731,5.2619072,0.458,1.4019999999999992,Cepheid
15.117,4.7622116,0.217,0.8789999999999996,Cepheid
14.384,6.5179412,0.548,0.7789999999999999,Cepheid
15.581,2.7317564,0.297,0.7270000000000003,Cepheid
15.546,2.6433569,0.505,0.6850000000000023,Cepheid
15.147,3.8802811,0.42,0.8109999999999999,Cepheid
14.544,5.2850807,0.422,0.8209999999999997,Cepheid
15.699,2.8518898,0.511,0.8420000000000005,Cepheid
15.239,3.606722,0.384,0.7749999999999986,Cepheid
15.361,3.2891043,0.458,0.7569999999999979,Cepheid
14.957,4.9561421,0.559,0.7639999999999993,Cepheid
15.21,4.0986788,0.441,0.8589999999999982,Cepheid
13.91,8.1864915,0.495,0.6899999999999995,Cepheid
14.816,4.6414022,0.533,0.7309999999999999,Cepheid
15.419,3.1089319,0.601,0.7659999999999982,Cepheid
15.22,4.0398801,0.506,0.8019999999999978,Cepheid
15.37,3.3382428,0.353,0.7780000000000005,Cepheid
15.315,3.2143352,0.245,0.7110000000000003,Cepheid
15.861,2.8305808,0.631,0.9929999999999986,Cepheid
14.871,4.6878574,0.469,0.7669999999999995,Cepheid
15.967,2.4723675,0.17,0.8499999999999996,Cepheid
15.238,2.9788508,0.575,0.6290000000000013,Cepheid
15.176,3.5840605,0.47,0.7270000000000003,Cepheid
15.255,3.3408698,0.431,0.7609999999999975,Cepheid
15.448,2.9968039,0.393,0.7369999999999983,Cepheid
15.408,3.1615771,0.247,0.770999999999999,Cepheid
15.473,2.629485,0.658,0.6240000000000006,Cepheid
15.524,3.2717114,0.499,0.817000000000002,Cepheid
15.04,4.2565637,0.356,0.793000000000001,Cepheid
15.329,3.5507114,0.367,0.7749999999999986,Cepheid
14.931,4.2899938,0.508,0.7120000000000015,Cepheid
14.145,7.3989255,0.546,0.6660000000000004,Cepheid
14.883,4.7254151,0.544,0.7570000000000014,Cepheid
15.354,3.2408617,0.486,0.7510000000000012,Cepheid
15.479,3.1093417,0.468,0.7280000000000015,Cepheid
15.499,2.9518477,0.518,0.682999999999998,Cepheid
16.228,1.7272543,0.49,0.6189999999999998,Cepheid
15.371,3.0465005,0.373,0.7320000000000011,Cepheid
15.488,3.109472,0.439,0.7779999999999987,Cepheid
15.056,4.487476,0.213,0.8240000000000016,Cepheid
13.478,14.2163668,0.69,0.9199999999999999,Cepheid
15.571,3.0307368,0.402,0.7870000000000008,Cepheid
15.909,2.8744751,0.344,0.9260000000000002,Cepheid
14.647,6.1365727,0.299,0.8189999999999991,Cepheid
13.55,11.6706528,0.539,0.7059999999999995,Cepheid
14.393,6.4817447,0.509,0.7579999999999991,Cepheid
16.532,3.412065,0.486,1.3589999999999982,Cepheid
14.374,6.9266737,0.383,0.7949999999999999,Cepheid
14.638,4.750641,0.463,0.6989999999999998,Cepheid
14.706,5.3222287,0.34,0.7540000000000013,Cepheid
14.784,6.6033602,0.331,0.9559999999999995,Cepheid
15.436,3.0179926,0.462,0.7469999999999999,Cepheid
14.765,4.8101834,0.514,0.7219999999999995,Cepheid
14.055,9.5692791,0.489,0.9030000000000005,Cepheid
15.58,3.4819453,0.403,0.8890000000000011,Cepheid
15.589,2.6427214,0.444,0.738999999999999,Cepheid
14.832,4.8203325,0.588,0.7769999999999992,Cepheid
13.538,13.5128434,0.464,0.9299999999999997,Cepheid
15.422,2.4436704,0.642,0.6129999999999995,Cepheid
13.76,12.3597921,0.441,0.9480000000000004,Cepheid
14.542,6.8069039,0.228,0.9559999999999995,Cepheid
14.707,5.3455648,0.365,0.7939999999999987,Cepheid
14.359,7.2367891,0.305,0.8140000000000001,Cepheid
15.296,3.5451033,0.298,0.754999999999999,Cepheid
14.032,8.3736251,0.494,0.7620000000000005,Cepheid
14.282,7.3931518,0.322,0.8030000000000008,Cepheid
14.702,6.1337881,0.362,0.9130000000000003,Cepheid
15.222,4.8007909,0.497,0.9320000000000004,Cepheid
14.493,6.5622284,0.08,0.8659999999999997,Cepheid
15.078,3.9385262,0.456,0.7309999999999999,Cepheid
16.555,3.4715054,0.467,1.7190000000000012,Cepheid
14.254,6.4155908,0.571,0.7249999999999996,Cepheid
15.24,3.3070019,0.539,0.7159999999999993,Cepheid
15.278,3.140432,0.42,0.6529999999999987,Cepheid
14.841,3.7833789,0.548,0.7540000000000013,Cepheid
16.188,4.358595,0.487,1.370000000000001,Cepheid
15.525,2.3576186,0.606,0.6029999999999998,Cepheid
15.207,4.1037025,0.49,0.9319999999999986,Cepheid
15.364,2.9871235,0.444,0.7390000000000008,Cepheid
15.577,3.0133632,0.359,0.8360000000000003,Cepheid
14.168,7.2263791,0.497,0.7620000000000005,Cepheid
15.465,3.5390632,0.526,0.6859999999999999,Cepheid
15.42,4.7132928,0.188,1.052999999999999,Cepheid
15.787,3.2209721,0.353,1.0069999999999997,Cepheid
13.24,17.4594234,0.516,0.9610000000000003,Cepheid
14.08,9.527262,0.115,0.9700000000000006,Cepheid
13.507,10.9182428,0.46,0.7200000000000006,Cepheid
15.654,2.5533752,0.496,0.7399999999999984,Cepheid
15.214,4.3240818,0.47,0.9649999999999981,Cepheid
15.611,2.3329792,0.54,0.6340000000000003,Cepheid
15.541,2.8244274,0.462,0.7139999999999986,Cepheid
16.277,1.7162554,0.434,0.6920000000000002,Cepheid
15.662,2.4156302,0.62,0.6219999999999981,Cepheid
15.878,2.1489839,0.319,0.7330000000000005,Cepheid
14.906,5.2706769,0.333,0.875,Cepheid
13.625,13.6416603,0.282,1.0830000000000002,Cepheid
14.439,5.4154583,0.55,0.6319999999999997,Cepheid
16.191,4.3647968,0.418,1.333000000000002,Cepheid
15.726,2.6509754,0.477,0.7780000000000005,Cepheid
14.705,4.8326179,0.547,0.8059999999999992,Cepheid
15.384,2.8811198,0.615,0.661999999999999,Cepheid
15.026,4.0159509,0.323,0.75,Cepheid
15.652,2.5900654,0.422,0.8179999999999996,Cepheid
15.365,3.415054,0.486,0.7449999999999992,Cepheid
15.46,3.17323,0.447,0.7859999999999978,Cepheid
16.49,1.2897307,0.242,0.7120000000000033,Cepheid
14.42,5.0510637,0.469,0.5939999999999994,Cepheid
15.37,3.0307237,0.504,0.7330000000000023,Cepheid
14.467,3.703596,0.169,1.0839999999999996,Cepheid
15.21,3.8915394,0.294,0.8149999999999977,Cepheid
14.201,6.2981121,0.603,0.7099999999999991,Cepheid
13.806,9.7410811,0.347,0.8080000000000016,Cepheid
14.927,4.6596926,0.472,0.7949999999999999,Cepheid
14.286,6.7348126,0.468,0.798,Cepheid
15.221,4.0109018,0.317,0.7839999999999989,Cepheid
15.677,3.0408578,0.601,0.8140000000000001,Cepheid
16.087,2.9249495,0.569,1.2680000000000007,Cepheid
14.704,5.4917062,0.353,0.7999999999999989,Cepheid
14.962,3.9275982,0.127,0.20700000000000074,Cepheid
15.219,4.441847,0.523,0.8750000000000018,Cepheid
15.713,2.7808159,0.438,0.8050000000000015,Cepheid
14.855,4.9202293,0.403,0.827,Cepheid
15.063,4.9442799,0.461,0.8549999999999986,Cepheid
15.132,3.7978236,0.578,0.7880000000000003,Cepheid
13.569,12.510778,0.392,0.8559999999999999,Cepheid
15.833,2.516747,0.337,0.7999999999999989,Cepheid
14.985,3.7794009,0.442,0.7060000000000013,Cepheid
15.044,4.2964772,0.247,0.7489999999999988,Cepheid
15.174,3.3412724,0.519,0.6880000000000006,Cepheid
13.995,8.7506718,0.502,0.7870000000000008,Cepheid
16.979,2.2149325,0.275,1.2880000000000003,Cepheid
15.32,2.9988295,0.51,0.6660000000000004,Cepheid
15.48,2.9925263,0.28,0.7439999999999998,Cepheid
14.887,4.3807875,0.446,0.7300000000000004,Cepheid
14.913,4.3859037,0.427,0.7270000000000003,Cepheid
16.505,1.3973221,0.437,0.6359999999999992,Cepheid
13.951,8.6727937,0.299,0.831999999999999,Cepheid
13.869,10.6873174,0.275,0.8849999999999998,Cepheid
15.479,2.9816829,0.435,0.7590000000000003,Cepheid
15.142,4.0155569,0.16,0.7710000000000008,Cepheid
12.969,18.6614445,0.471,0.9980000000000011,Cepheid
16.154,2.8470881,0.461,1.065999999999999,Cepheid
14.359,6.1650894,0.504,0.766,Cepheid
16.185,1.7524801,0.415,0.7119999999999997,Cepheid
15.312,3.1008556,0.448,0.7799999999999994,Cepheid
15.435,3.0528258,0.464,0.7170000000000005,Cepheid
15.016,4.9723923,0.204,0.8330000000000002,Cepheid
15.555,3.1292228,0.441,0.875,Cepheid
14.939,4.634867,0.391,0.8059999999999992,Cepheid
15.2,3.4859145,0.434,0.7200000000000006,Cepheid
15.504,3.0463498,0.477,0.7449999999999992,Cepheid
15.397,3.2957693,0.485,0.8340000000000014,Cepheid
15.249,3.0438303,0.477,0.7009999999999987,Cepheid
14.996,4.2106105,0.147,0.8460000000000001,Cepheid
14.808,5.776886,0.439,0.870000000000001,Cepheid
14.956,4.5088698,0.428,0.7569999999999997,Cepheid
15.431,3.1758386,0.396,0.7780000000000005,Cepheid
14.982,4.3386109,0.365,0.7560000000000002,Cepheid
15.275,3.7476054,0.272,0.677999999999999,Cepheid
15.295,3.0200139,0.567,0.6880000000000006,Cepheid
15.652,2.5309655,0.552,0.6929999999999996,Cepheid
13.864,12.3265546,0.529,0.9599999999999991,Cepheid
15.8,2.4850765,0.37,0.6969999999999992,Cepheid
15.415,2.7965516,0.566,0.6700000000000017,Cepheid
15.286,3.4188328,0.366,0.7430000000000003,Cepheid
15.14,3.7351778,0.455,0.7189999999999994,Cepheid
14.988,3.6475768,0.618,0.6790000000000003,Cepheid
15.284,3.5857219,0.375,0.798,Cepheid
15.161,3.9993676,0.535,0.8420000000000005,Cepheid
15.522,2.9106624,0.181,0.7479999999999993,Cepheid
15.327,2.9979476,0.461,0.6530000000000005,Cepheid
15.058,3.4088642,0.345,0.5850000000000009,Cepheid
16.498,1.6798503,0.512,0.7349999999999994,Cepheid
15.504,2.9244889,0.617,0.7870000000000008,Cepheid
13.215,17.520542,0.553,0.9250000000000007,Cepheid
14.428,6.4803967,0.265,0.863999999999999,Cepheid
15.323,3.5187522,0.534,0.8019999999999996,Cepheid
15.011,4.3903931,0.472,0.8040000000000003,Cepheid
14.935,4.7178165,0.335,0.8179999999999996,Cepheid
15.585,2.9803149,0.381,0.7769999999999975,Cepheid
15.018,4.273648,0.357,0.036999999999999034,Cepheid
16.287,2.0256021,0.537,0.7540000000000013,Cepheid
15.295,3.8810478,0.098,0.8510000000000009,Cepheid
14.806,5.6377953,0.332,0.843,Cepheid
15.381,3.252979,0.353,0.7979999999999983,Cepheid
15.7,2.5244297,0.41,0.745000000000001,Cepheid
15.719,2.473959,0.291,0.729000000000001,Cepheid
15.924,2.189692,0.365,0.6850000000000023,Cepheid
15.535,2.7301822,0.264,0.7839999999999989,Cepheid
15.525,2.9583832,0.431,0.7430000000000003,Cepheid
15.375,3.146243,0.62,0.7360000000000007,Cepheid
14.67,8.1913472,0.042,1.1029999999999998,Cepheid
14.94,4.4187671,0.492,0.7620000000000005,Cepheid
15.372,3.2616649,0.376,0.7759999999999998,Cepheid
15.27,3.5961341,0.377,0.8030000000000008,Cepheid
15.407,2.9395111,0.536,0.7169999999999987,Cepheid
15.149,3.4654372,0.48,0.7330000000000005,Cepheid
15.243,3.8456613,0.542,0.9150000000000009,Cepheid
14.735,4.8656653,0.492,0.7370000000000001,Cepheid
16.035,3.1905922,0.493,1.056000000000001,Cepheid
14.84,4.333293,0.621,0.7300000000000004,Cepheid
15.167,3.1659697,0.532,0.6810000000000009,Cepheid
15.311,3.5497945,0.364,0.7940000000000005,Cepheid
14.845,4.8125975,0.563,0.7669999999999995,Cepheid
14.787,5.3300057,0.19,0.8279999999999994,Cepheid
14.739,4.4664266,0.46,0.6229999999999993,Cepheid
15.322,3.4178981,0.478,0.7409999999999997,Cepheid
15.791,2.0697573,0.394,0.6310000000000002,Cepheid
15.573,2.5745626,0.393,0.7149999999999999,Cepheid
15.622,2.6496919,0.255,0.7590000000000003,Cepheid
13.939,9.6716728,0.317,0.8529999999999998,Cepheid
14.989,4.409711,0.466,0.7619999999999987,Cepheid
15.435,2.7308597,0.616,0.6259999999999994,Cepheid
14.488,6.3108739,0.173,0.8510000000000009,Cepheid
14.28,8.2579984,0.149,0.9120000000000008,Cepheid
15.256,3.0758801,0.613,0.6029999999999998,Cepheid
13.908,10.7104361,0.24,0.891,Cepheid
14.781,5.6378554,0.33,0.9580000000000002,Cepheid
14.292,7.6800674,0.247,0.8970000000000002,Cepheid
15.588,3.6476948,0.255,0.7040000000000024,Cepheid
16.338,1.4924722,0.309,0.6809999999999974,Cepheid
15.177,3.1819796,0.456,0.559000000000001,Cepheid
14.841,4.7436325,0.489,0.7590000000000003,Cepheid
15.712,3.5657116,0.693,0.29299999999999926,Cepheid
15.059,3.9275573,0.45,0.7370000000000001,Cepheid
14.202,7.8091762,0.406,0.8170000000000002,Cepheid
15.258,4.5099113,0.498,0.8790000000000013,Cepheid
14.978,4.3034748,0.462,0.7530000000000001,Cepheid
15.567,3.2148817,0.489,0.9469999999999992,Cepheid
15.542,2.8318347,0.488,0.7490000000000006,Cepheid
15.133,3.9342472,0.5,0.822000000000001,Cepheid
13.109,18.4873673,0.276,0.8989999999999991,Cepheid
15.59,2.4818719,0.627,0.6990000000000016,Cepheid
14.462,4.5627359,0.224,0.7840000000000007,Cepheid
14.386,5.4874526,0.561,0.7170000000000005,Cepheid
14.549,6.3497921,0.495,0.8790000000000013,Cepheid
15.005,4.5803588,0.329,0.7809999999999988,Cepheid
15.434,3.0250181,0.319,0.738999999999999,Cepheid
15.957,2.0349871,0.611,0.661999999999999,Cepheid
15.188,4.5635261,0.621,0.868999999999998,Cepheid
14.938,5.3456797,0.347,0.9329999999999998,Cepheid
16.136,1.8580737,0.627,0.6709999999999994,Cepheid
15.437,2.6937411,0.544,0.6820000000000004,Cepheid
16.154,3.4524956,0.431,1.1649999999999991,Cepheid
15.74,2.0498335,0.532,0.6319999999999997,Cepheid
15.545,2.9052383,0.229,0.7730000000000015,Cepheid
14.158,6.2471228,0.524,0.6870000000000012,Cepheid
15.155,3.7126964,0.47,0.7599999999999998,Cepheid
15.515,2.8503573,0.394,0.7409999999999997,Cepheid
15.306,3.4960865,0.35,0.7739999999999991,Cepheid
14.058,9.7332363,0.416,0.9779999999999998,Cepheid
15.477,3.0920051,0.4,0.8079999999999998,Cepheid
15.08,3.7371646,0.597,0.7330000000000005,Cepheid
14.369,7.3092432,0.227,0.8849999999999998,Cepheid
14.16,7.2903402,0.39,0.7509999999999994,Cepheid
15.542,2.8941902,0.386,0.7500000000000018,Cepheid
14.691,5.3959896,0.311,0.7919999999999998,Cepheid
15.873,2.3111101,0.285,0.7159999999999993,Cepheid
15.039,3.5229468,0.647,0.6020000000000003,Cepheid
15.448,3.2783164,0.485,0.8030000000000008,Cepheid
16.377,2.3294623,0.485,0.9390000000000001,Cepheid
15.473,3.5036539,0.351,0.7959999999999976,Cepheid
15.808,2.8559966,0.264,0.8369999999999997,Cepheid
15.162,3.6752936,0.46,0.718,Cepheid
15.935,2.0055231,0.675,0.7269999999999985,Cepheid
15.015,4.15364,0.493,0.7429999999999986,Cepheid
15.639,3.2965234,0.312,0.875,Cepheid
15.045,4.5170426,0.24,0.8000000000000007,Cepheid
14.912,4.1529014,0.477,0.7209999999999983,Cepheid
13.333,13.4000333,0.339,0.8200000000000003,Cepheid
14.695,5.507876,0.148,0.7690000000000001,Cepheid
13.706,17.7945822,0.56,1.138,Cepheid
15.161,3.425358,0.745,0.6780000000000008,Cepheid
15.983,3.1334914,0.607,1.036999999999999,Cepheid
15.482,4.4754433,0.446,1.0730000000000004,Cepheid
15.102,3.6343554,0.506,0.7270000000000003,Cepheid
15.627,2.4564447,0.629,0.6539999999999981,Cepheid
15.121,4.2617715,0.292,0.8390000000000004,Cepheid
15.928,2.3073469,0.413,0.7889999999999979,Cepheid
14.634,4.6823873,0.402,0.8079999999999998,Cepheid
16.09,1.799188,0.524,0.6739999999999995,Cepheid
15.375,3.1133949,0.536,0.6170000000000009,Cepheid
15.219,3.686603,0.257,0.7910000000000021,Cepheid
13.598,11.8603815,0.628,0.8079999999999998,Cepheid
15.155,3.5671914,0.508,0.6539999999999999,Cepheid
15.91,3.7227411,0.473,1.2949999999999982,Cepheid
15.385,3.183412,0.158,0.7790000000000017,Cepheid
15.363,3.3314476,0.312,0.740000000000002,Cepheid
16.928,1.0372163,0.371,0.6849999999999987,Cepheid
15.812,2.1088335,0.562,0.7090000000000014,Cepheid
15.429,3.6069822,0.257,0.8719999999999981,Cepheid
16.133,2.591706,0.379,0.9430000000000014,Cepheid
13.762,10.8549453,0.467,0.8439999999999994,Cepheid
13.771,13.1248495,0.42,0.9710000000000001,Cepheid
15.354,3.2112416,0.393,0.7270000000000003,Cepheid
14.982,4.0795091,0.486,0.702,Cepheid
13.718,9.9933115,0.486,0.8179999999999996,Cepheid
14.869,5.7849223,0.15,0.9760000000000009,Cepheid
15.435,4.9711662,0.582,1.133000000000001,Cepheid
14.819,4.207031,0.619,0.677999999999999,Cepheid
12.983,22.3172391,0.573,1.0489999999999995,Cepheid
14.223,7.0663927,0.479,0.7679999999999989,Cepheid
15.658,2.3834244,0.548,0.5849999999999991,Cepheid
15.394,3.3030081,0.493,0.6820000000000004,Cepheid
14.488,5.1700513,0.429,0.7010000000000005,Cepheid
14.646,5.5048598,0.468,0.7859999999999996,Cepheid
15.309,3.2466185,0.61,0.7010000000000023,Cepheid
15.458,2.5790389,0.639,0.6710000000000012,Cepheid
15.099,4.6991075,0.444,0.9280000000000008,Cepheid
15.382,2.9136011,0.465,0.6530000000000005,Cepheid
13.998,11.2459361,0.538,0.9430000000000014,Cepheid
16.326,1.7460993,0.305,0.7429999999999986,Cepheid
15.603,3.38322,0.431,0.9150000000000009,Cepheid
14.707,5.1098532,0.549,0.7449999999999992,Cepheid
15.112,3.8193088,0.478,0.8070000000000004,Cepheid
15.091,4.1208811,0.463,0.7840000000000007,Cepheid
15.35,3.2773324,0.441,0.7320000000000011,Cepheid
15.049,4.1847931,0.337,0.7740000000000009,Cepheid
14.908,4.2787459,0.567,0.729000000000001,Cepheid
14.675,4.9959473,0.479,0.7349999999999994,Cepheid
14.267,6.6320016,0.547,0.7100000000000009,Cepheid
14.946,4.4301912,0.215,0.9160000000000004,Cepheid
15.457,3.011536,0.189,0.6989999999999981,Cepheid
15.629,2.7050434,0.465,0.7300000000000022,Cepheid
14.79,4.8005598,0.521,0.8330000000000002,Cepheid
15.416,3.4122146,0.471,0.8150000000000013,Cepheid
15.176,3.5902354,0.624,0.7940000000000005,Cepheid
16.174,1.624008,0.52,0.7199999999999989,Cepheid
15.41,3.6454569,0.455,0.8640000000000008,Cepheid
15.823,2.5057931,0.478,0.7510000000000012,Cepheid
14.643,4.4645596,0.525,0.6499999999999986,Cepheid
15.951,3.514661,0.476,1.1849999999999987,Cepheid
15.364,3.1290302,0.459,0.7539999999999978,Cepheid
16.869,1.0348157,0.52,0.6559999999999988,Cepheid
13.091,19.163531,0.575,0.9730000000000008,Cepheid
15.426,3.1477927,0.423,0.7840000000000007,Cepheid
15.06,3.5174536,0.607,0.6760000000000002,Cepheid
15.501,2.8103804,0.324,0.636000000000001,Cepheid
15.561,2.6647439,0.462,0.7980000000000018,Cepheid
14.602,5.5723267,0.475,0.7609999999999992,Cepheid
15.319,2.8932463,0.623,0.6359999999999992,Cepheid
14.977,4.4607205,0.444,0.7969999999999988,Cepheid
15.734,2.4442153,0.501,0.6259999999999994,Cepheid
16.406,1.7988036,0.35,0.8260000000000005,Cepheid
15.41,3.0786193,0.492,0.754999999999999,Cepheid
14.296,4.1099419,0.198,1.1029999999999998,Cepheid
15.978,3.2638129,0.201,1.0870000000000015,Cepheid
15.294,4.5097376,0.179,0.9329999999999998,Cepheid
13.857,9.7126059,0.398,0.822000000000001,Cepheid
14.268,7.385466,0.151,0.8330000000000002,Cepheid
15.496,2.7690128,0.533,0.6710000000000012,Cepheid
15.211,5.6199395,0.504,1.2039999999999988,Cepheid
15.525,2.7501562,0.444,0.7559999999999985,Cepheid
14.887,4.8679259,0.197,0.8010000000000002,Cepheid
15.666,2.3750081,0.414,0.6980000000000004,Cepheid
15.376,3.3485585,0.436,0.7350000000000012,Cepheid
15.552,2.3321802,0.636,0.6170000000000009,Cepheid
13.93,8.4608625,0.455,0.7240000000000002,Cepheid
15.541,2.6542463,0.354,0.7880000000000003,Cepheid
15.848,2.1120789,0.349,0.7050000000000001,Cepheid
15.446,2.9448328,0.379,0.7640000000000011,Cepheid
15.515,2.8707135,0.459,0.786999999999999,Cepheid
15.346,3.4508357,0.235,0.8150000000000013,Cepheid
15.351,3.6699359,0.393,0.8740000000000006,Cepheid
15.621,2.5244549,0.508,0.7099999999999991,Cepheid
14.584,5.4473509,0.495,0.734,Cepheid
15.29,3.4613239,0.492,0.7310000000000016,Cepheid
14.4,7.1807757,0.488,0.8330000000000002,Cepheid
14.354,6.8869769,0.557,0.8180000000000014,Cepheid
15.153,3.6224578,0.522,0.7259999999999991,Cepheid
14.954,3.9145297,0.436,0.673,Cepheid
15.514,2.7621044,0.4,0.7119999999999997,Cepheid
15.066,4.2916011,0.461,0.786999999999999,Cepheid
15.343,3.1976189,0.458,0.7759999999999998,Cepheid
15.462,2.9503722,0.469,0.7020000000000017,Cepheid
15.718,3.1890153,0.302,0.9759999999999991,Cepheid
14.574,6.2298674,0.332,0.8000000000000007,Cepheid
14.858,4.907519,0.419,0.802999999999999,Cepheid
14.955,4.1231421,0.404,0.7200000000000006,Cepheid
14.857,4.4274448,0.6,0.7100000000000009,Cepheid
15.342,3.03111,0.515,0.6539999999999999,Cepheid
15.641,2.6366878,0.619,0.7470000000000017,Cepheid
14.778,5.0224773,0.366,0.8249999999999993,Cepheid
14.739,5.0255625,0.317,0.7959999999999994,Cepheid
15.164,3.5881558,0.492,0.7370000000000001,Cepheid
15.256,3.1934139,0.527,0.6509999999999998,Cepheid
15.272,3.5083829,0.27,0.7419999999999991,Cepheid
15.203,3.446294,0.406,0.697000000000001,Cepheid
15.571,2.9038253,0.378,0.7479999999999993,Cepheid
14.577,5.6687781,0.347,0.8059999999999992,Cepheid
15.582,2.4590757,0.518,0.6630000000000003,Cepheid
14.364,6.7331412,0.182,0.8179999999999996,Cepheid
15.642,3.085597,0.392,0.9080000000000013,Cepheid
15.33,3.2452016,0.445,0.7370000000000001,Cepheid
15.445,3.2185904,0.458,0.838000000000001,Cepheid
15.054,4.0769558,0.389,0.7430000000000003,Cepheid
15.2,3.0667343,0.566,0.6160000000000014,Cepheid
15.358,3.4781015,0.254,0.8269999999999982,Cepheid
15.163,3.6358024,0.472,0.7300000000000004,Cepheid
15.72,3.5009055,0.328,0.9459999999999997,Cepheid
14.564,5.9178016,0.482,0.7449999999999992,Cepheid
12.475,30.3989528,0.706,0.9109999999999996,Cepheid
14.878,4.6759385,0.536,0.7590000000000003,Cepheid
14.908,4.6912421,0.48,0.7759999999999998,Cepheid
15.315,4.1790282,0.461,0.9650000000000016,Cepheid
15.927,2.0103097,0.486,0.7280000000000015,Cepheid
13.707,10.5064564,0.115,1.08,Cepheid
15.598,2.7065357,0.431,0.7299999999999986,Cepheid
15.197,3.4735989,0.445,0.7240000000000002,Cepheid
13.033,17.2101636,0.718,0.843,Cepheid
14.984,4.5931192,0.233,0.7620000000000005,Cepheid
15.222,4.0478526,0.265,0.8289999999999988,Cepheid
14.867,5.3207313,0.345,0.8309999999999995,Cepheid
15.2,3.7447799,0.461,0.7270000000000003,Cepheid
16.004,1.7772899,0.283,0.6789999999999985,Cepheid
14.341,7.3826188,0.484,0.8180000000000014,Cepheid
14.805,4.5081961,0.457,0.7740000000000009,Cepheid
14.906,4.3273262,0.594,0.7459999999999987,Cepheid
14.662,5.9760504,0.501,0.891,Cepheid
15.637,2.7873539,0.505,0.718,Cepheid
15.039,4.1578593,0.395,0.7800000000000011,Cepheid
14.703,6.6068801,0.522,1.0340000000000007,Cepheid
14.485,6.2719845,0.295,0.8420000000000005,Cepheid
14.449,5.5500203,0.544,0.7390000000000008,Cepheid
15.164,3.7242009,0.431,0.7219999999999995,Cepheid
15.271,3.4493423,0.281,0.7689999999999984,Cepheid
15.46,3.2993875,0.447,0.7889999999999979,Cepheid
15.09,4.1520097,0.386,0.8290000000000006,Cepheid
15.406,3.4485258,0.418,0.8309999999999977,Cepheid
15.788,2.9251105,0.232,0.9699999999999989,Cepheid
14.671,5.2083222,0.569,0.7789999999999999,Cepheid
14.51,4.6542907,0.335,0.8490000000000002,Cepheid
13.349,20.3196277,0.48,0.9580000000000002,Cepheid
14.036,9.805576,0.279,0.870000000000001,Cepheid
15.074,3.9958553,0.443,0.8930000000000007,Cepheid
13.627,12.6361498,0.611,0.8079999999999998,Cepheid
14.971,4.594493,0.46,0.8010000000000002,Cepheid
15.426,3.788378,0.407,0.8660000000000014,Cepheid
15.435,3.1826547,0.446,0.7509999999999994,Cepheid
15.463,2.6747528,0.597,0.6420000000000012,Cepheid
15.606,2.3936111,0.548,0.6519999999999992,Cepheid
15.284,3.312196,0.503,0.7159999999999993,Cepheid
13.787,5.7253422,0.316,0.8839999999999986,Cepheid
15.461,2.77797,0.493,0.6620000000000008,Cepheid
15.393,3.2801861,0.518,0.7409999999999997,Cepheid
15.582,2.2850761,0.659,0.5739999999999981,Cepheid
15.196,3.2103384,0.547,0.6630000000000003,Cepheid
15.354,3.0904175,0.491,0.7300000000000004,Cepheid
15.136,3.7564946,0.39,0.7540000000000013,Cepheid
14.777,4.3689276,0.533,0.697000000000001,Cepheid
15.243,3.3129682,0.509,0.7029999999999994,Cepheid
15.068,4.4261017,0.472,0.6720000000000006,Cepheid
15.617,2.7017682,0.508,0.7620000000000005,Cepheid
16.264,2.8584512,0.352,1.1820000000000022,Cepheid
15.779,3.1306178,0.316,0.9430000000000014,Cepheid
15.591,3.3208376,0.228,0.9480000000000022,Cepheid
15.115,3.6186132,0.658,0.7530000000000001,Cepheid
15.807,2.6307813,0.557,0.7799999999999994,Cepheid
15.394,2.9792843,0.188,0.636000000000001,Cepheid
13.979,8.9546791,0.348,0.8310000000000013,Cepheid
15.333,3.2696745,0.47,0.7990000000000013,Cepheid
16.054,1.3129029,0.419,0.6530000000000022,Cepheid
15.934,2.3754249,0.413,0.8190000000000008,Cepheid
15.0,4.3047255,0.414,0.7520000000000007,Cepheid
15.64,2.7101139,0.493,0.7409999999999997,Cepheid
15.328,3.8491395,0.231,0.8730000000000011,Cepheid
14.707,7.0874344,0.083,0.9579999999999984,Cepheid
15.305,3.2580574,0.496,0.722999999999999,Cepheid
15.705,2.7908335,0.443,0.8459999999999983,Cepheid
15.49,4.3828189,0.379,1.0359999999999996,Cepheid
15.262,3.7905721,0.39,0.7729999999999997,Cepheid
15.632,2.8000605,0.324,0.7960000000000012,Cepheid
15.278,3.1671511,0.517,0.7419999999999991,Cepheid
16.274,1.7543385,0.411,0.7519999999999989,Cepheid
13.502,13.6594686,0.406,0.859,Cepheid
15.423,3.1676835,0.531,0.7479999999999993,Cepheid
15.513,4.3028784,0.603,1.197000000000001,Cepheid
14.185,7.5187535,0.204,0.7579999999999991,Cepheid
15.45,2.9902581,0.504,0.7200000000000024,Cepheid
14.767,4.6308851,0.618,0.7309999999999999,Cepheid
13.411,15.1268996,0.622,0.8559999999999999,Cepheid
15.26,2.9425593,0.412,0.620000000000001,Cepheid
15.796,2.4334649,0.357,0.7880000000000003,Cepheid
15.541,2.7046514,0.604,0.6649999999999991,Cepheid
15.157,3.6086857,0.41,0.7539999999999996,Cepheid
14.154,7.1824705,0.431,0.7240000000000002,Cepheid
15.819,3.4276053,0.556,1.0009999999999994,Cepheid
15.184,3.6299527,0.234,0.7920000000000016,Cepheid
13.973,14.1901114,0.389,1.1029999999999998,Cepheid
15.307,3.5970589,0.345,0.7739999999999991,Cepheid
14.223,7.8869572,0.449,0.7929999999999993,Cepheid
15.569,2.3709264,0.698,0.6069999999999975,Cepheid
15.485,2.970262,0.392,0.7460000000000022,Cepheid
15.469,2.6601882,0.688,0.5980000000000008,Cepheid
14.722,5.4579746,0.431,0.7690000000000001,Cepheid
13.967,7.7710741,0.561,0.6819999999999986,Cepheid
15.424,2.550084,0.526,0.5370000000000008,Cepheid
15.163,3.3805031,0.492,0.7159999999999993,Cepheid
15.092,4.5294034,0.515,0.7309999999999999,Cepheid
15.549,3.0336769,0.343,0.8290000000000006,Cepheid
14.982,3.6962257,0.712,0.668000000000001,Cepheid
15.358,2.698797,0.566,0.6609999999999978,Cepheid
15.66,2.7695419,0.235,0.7629999999999981,Cepheid
14.647,5.0033142,0.519,0.7050000000000001,Cepheid
15.433,2.8620285,0.538,0.6580000000000013,Cepheid
15.075,3.9412368,0.514,0.734,Cepheid
15.611,2.8733404,0.248,0.8119999999999976,Cepheid
15.779,2.5135362,0.327,0.8079999999999998,Cepheid
13.605,11.2402984,0.129,0.6790000000000003,Cepheid
15.418,3.2295028,0.471,0.7609999999999992,Cepheid
15.408,3.3731459,0.291,0.7969999999999988,Cepheid
14.151,7.882327,0.411,0.8360000000000003,Cepheid
16.139,1.8246696,0.358,0.7010000000000005,Cepheid
15.19,3.7199497,0.464,0.7830000000000013,Cepheid
15.541,3.6357713,0.545,0.9039999999999999,Cepheid
13.466,13.9089235,0.61,0.8850000000000016,Cepheid
16.325,1.7018254,0.403,0.7190000000000012,Cepheid
12.711,22.7176074,0.691,0.9550000000000001,Cepheid
15.442,3.0459183,0.487,0.7240000000000002,Cepheid
14.181,7.8456103,0.463,0.8370000000000015,Cepheid
15.255,3.1402879,0.55,0.6419999999999995,Cepheid
14.727,5.0739104,0.488,0.7629999999999999,Cepheid
15.473,3.209411,0.512,0.7230000000000008,Cepheid
15.595,2.8998853,0.388,0.8279999999999976,Cepheid
15.131,4.299694,0.501,0.8360000000000003,Cepheid
15.171,3.5243402,0.465,0.6580000000000013,Cepheid
15.791,2.8534088,0.663,0.8509999999999991,Cepheid
15.429,2.9476566,0.494,0.7189999999999994,Cepheid
15.394,3.1855646,0.445,0.7419999999999991,Cepheid
15.603,2.6968785,0.526,0.7490000000000006,Cepheid
15.038,4.6084523,0.186,0.8309999999999995,Cepheid
15.56,2.3740552,0.586,0.6749999999999989,Cepheid
15.556,2.7873699,0.488,0.7260000000000009,Cepheid
15.082,3.6938683,0.178,0.9619999999999997,Cepheid
15.412,3.2492287,0.558,0.7619999999999987,Cepheid
14.397,6.4364524,0.32,0.7639999999999993,Cepheid
15.873,2.4207096,0.557,0.8310000000000013,Cepheid
14.767,3.2012856,0.255,1.0150000000000006,Cepheid
15.027,3.8186769,0.398,0.7090000000000014,Cepheid
15.19,4.1653867,0.279,0.8600000000000012,Cepheid
15.994,3.2128099,0.324,1.0350000000000001,Cepheid
15.397,2.9043,0.424,0.7189999999999994,Cepheid
13.901,8.7133296,0.476,0.8030000000000008,Cepheid
15.992,1.9628313,0.578,0.6519999999999975,Cepheid
15.404,2.834062,0.48,0.6559999999999988,Cepheid
15.796,4.6792864,0.483,1.3490000000000002,Cepheid
14.708,4.8337787,0.489,0.8610000000000007,Cepheid
14.352,5.8831458,0.515,0.7359999999999989,Cepheid
15.371,3.1649374,0.437,0.7219999999999995,Cepheid
15.294,3.2229367,0.542,0.6799999999999997,Cepheid
15.253,3.882611,0.591,0.8350000000000009,Cepheid
15.147,3.7793722,0.436,0.7249999999999996,Cepheid
14.587,5.1455766,0.541,0.6639999999999997,Cepheid
15.292,4.080749,0.629,0.9159999999999986,Cepheid
15.324,2.9796927,0.414,0.6929999999999996,Cepheid
15.547,3.097807,0.51,0.8109999999999999,Cepheid
15.528,3.0593947,0.279,0.8119999999999994,Cepheid
15.166,3.4283602,0.524,0.6690000000000005,Cepheid
14.909,6.8885059,0.485,1.0389999999999997,Cepheid
14.47,6.3831159,0.181,0.7609999999999992,Cepheid
15.006,4.4839742,0.377,0.8170000000000002,Cepheid
15.463,3.0040941,0.682,0.6500000000000004,Cepheid
14.154,6.8783932,0.488,0.7720000000000002,Cepheid
14.91,3.8985084,0.516,0.6720000000000006,Cepheid
15.511,3.355746,0.484,0.8670000000000009,Cepheid
15.202,3.5263678,0.464,0.7509999999999994,Cepheid
15.529,3.0246714,0.307,0.7959999999999994,Cepheid
14.564,4.9081426,0.557,0.7810000000000006,Cepheid
16.691,1.602656,0.335,0.8830000000000027,Cepheid
14.459,6.95475,0.363,0.8079999999999998,Cepheid
14.483,6.6200584,0.369,0.8300000000000001,Cepheid
15.533,2.808469,0.455,0.7400000000000002,Cepheid
15.269,3.3109327,0.428,0.6839999999999993,Cepheid
14.722,5.3399623,0.35,0.838000000000001,Cepheid
14.634,5.6741397,0.523,0.8219999999999992,Cepheid
15.485,3.2930714,0.418,0.8840000000000003,Cepheid
16.605,1.2749171,0.425,0.7089999999999996,Cepheid
14.491,6.8706154,0.336,0.9410000000000007,Cepheid
15.349,3.2949135,0.346,0.791999999999998,Cepheid
15.343,3.300944,0.468,0.75,Cepheid
15.523,3.1227238,0.3,0.963000000000001,Cepheid
15.537,3.0848254,0.418,0.7949999999999999,Cepheid
14.771,4.1159516,0.626,0.6539999999999999,Cepheid
15.754,2.5395621,0.449,0.761000000000001,Cepheid
15.224,4.693918,0.329,0.7850000000000001,Cepheid
15.241,3.4468935,0.418,0.7469999999999999,Cepheid
14.438,3.7970428,0.307,0.8789999999999996,Cepheid
16.647,1.1606904,0.348,0.6440000000000019,Cepheid
14.828,5.1085519,0.54,0.7370000000000001,Cepheid
15.45,3.2675159,0.468,0.7840000000000025,Cepheid
16.719,1.0659144,0.514,0.6519999999999975,Cepheid
15.4,3.5159166,0.584,0.8100000000000005,Cepheid
15.71,2.4202557,0.447,0.6969999999999992,Cepheid
16.566,1.1591435,0.445,0.6440000000000019,Cepheid
15.351,3.1205757,0.437,0.6790000000000003,Cepheid
15.341,2.8947503,0.632,0.636000000000001,Cepheid
15.382,2.8816166,0.434,0.692000000000002,Cepheid
14.606,5.4310086,0.541,0.7439999999999998,Cepheid
15.58,3.6635187,0.6,0.891,Cepheid
14.696,4.2959573,0.248,0.782,Cepheid
15.293,3.2516305,0.612,0.6400000000000006,Cepheid
15.03,2.8834508,0.281,0.4270000000000014,Cepheid
15.334,3.3402478,0.233,0.7310000000000016,Cepheid
14.937,4.7508051,0.524,0.7640000000000011,Cepheid
15.098,3.4413286,0.553,0.6319999999999997,Cepheid
15.263,3.1945845,0.507,0.6709999999999994,Cepheid
15.054,4.24027,0.422,0.7940000000000005,Cepheid
14.465,5.950195,0.495,0.8330000000000002,Cepheid
14.853,4.4836463,0.426,0.7420000000000009,Cepheid
15.571,2.7856812,0.575,0.7219999999999995,Cepheid
15.408,3.059794,0.464,0.7359999999999989,Cepheid
15.489,2.7122162,0.455,0.6929999999999978,Cepheid
15.537,3.0973444,0.56,0.8010000000000002,Cepheid
14.637,4.7970238,0.428,0.6079999999999988,Cepheid
15.347,3.4250114,0.511,0.7569999999999997,Cepheid
15.202,3.7039214,0.32,0.7400000000000002,Cepheid
15.354,2.8934737,0.59,0.6560000000000024,Cepheid
15.348,3.2052031,0.487,0.7370000000000001,Cepheid
14.902,4.0788188,0.58,0.6760000000000002,Cepheid
15.444,3.1455633,0.36,0.7699999999999978,Cepheid
15.487,2.7767159,0.507,0.6749999999999989,Cepheid
13.812,9.8506542,0.384,0.7940000000000005,Cepheid
14.422,5.406423,0.233,1.0569999999999986,Cepheid
14.875,4.8343799,0.49,0.8409999999999993,Cepheid
15.063,3.9023397,0.452,0.7579999999999991,Cepheid
15.682,2.9567237,0.387,0.9369999999999994,Cepheid
15.119,4.1833058,0.277,0.8350000000000009,Cepheid
15.354,2.8841225,0.701,0.5950000000000006,Cepheid
14.771,6.7758886,0.289,0.8539999999999992,Cepheid
15.419,3.7864417,0.357,0.8810000000000002,Cepheid
13.91,12.1885223,0.482,0.9570000000000007,Cepheid
15.705,2.4446075,0.447,0.7819999999999983,Cepheid
15.574,3.6470072,0.452,0.9850000000000012,Cepheid
14.182,6.3697164,0.532,0.6749999999999989,Cepheid
15.343,3.3986153,0.587,0.7560000000000002,Cepheid
15.352,3.6274409,0.427,0.9390000000000001,Cepheid
13.999,9.3048305,0.212,0.8839999999999986,Cepheid
15.506,3.8439805,0.477,0.9209999999999994,Cepheid
14.759,5.3456211,0.452,0.8019999999999996,Cepheid
15.02,4.2764527,0.476,0.8060000000000009,Cepheid
15.268,3.2291997,0.554,0.7149999999999999,Cepheid
15.738,2.3699326,0.61,0.708000000000002,Cepheid
14.192,8.2757123,0.413,0.8040000000000003,Cepheid
13.534,16.8364426,0.524,0.8859999999999992,Cepheid
16.032,1.8764773,0.518,0.6290000000000013,Cepheid
15.422,2.9270482,0.46,0.7070000000000007,Cepheid
15.255,3.618591,0.461,0.7580000000000009,Cepheid
15.672,3.1181195,0.257,0.7399999999999984,Cepheid
16.023,2.5864689,0.69,0.9439999999999991,Cepheid
15.472,3.2277088,0.515,0.8149999999999995,Cepheid
15.585,3.0128978,0.403,0.8149999999999977,Cepheid
15.412,3.1449386,0.444,0.7529999999999983,Cepheid
15.093,3.6775372,0.52,0.6859999999999999,Cepheid
15.017,3.9861758,0.468,0.6590000000000007,Cepheid
15.241,3.0883134,0.467,0.6859999999999999,Cepheid
14.99,4.2815463,0.422,0.7750000000000004,Cepheid
15.201,3.1124072,0.371,0.6199999999999992,Cepheid
14.79,5.0529123,0.548,0.8160000000000007,Cepheid
15.521,2.9428054,0.408,0.7620000000000005,Cepheid
15.592,2.6876276,0.417,0.6989999999999998,Cepheid
15.927,2.2341281,0.422,0.7660000000000018,Cepheid
13.529,10.9912539,0.292,0.7509999999999994,Cepheid
15.665,2.6181435,0.474,0.7600000000000016,Cepheid
15.22,3.3597859,0.511,0.7159999999999993,Cepheid
16.398,1.7509481,0.262,0.8870000000000005,Cepheid
15.141,3.6469543,0.452,0.6780000000000008,Cepheid
15.222,3.845729,0.449,0.802999999999999,Cepheid
15.36,3.5321023,0.231,0.7070000000000007,Cepheid
15.257,3.2261098,0.59,0.7040000000000006,Cepheid
15.095,3.7839327,0.63,0.7029999999999994,Cepheid
15.103,3.8194408,0.624,0.697000000000001,Cepheid
13.468,13.8713513,0.297,1.0069999999999997,Cepheid
15.22,3.0832131,0.476,0.6189999999999998,Cepheid
15.187,3.9546271,0.38,0.7560000000000002,Cepheid
15.472,2.9871614,0.504,0.7850000000000019,Cepheid
15.616,4.225043,0.552,1.2980000000000018,Cepheid
14.834,4.1851386,0.566,0.7200000000000006,Cepheid
15.367,3.2355813,0.455,0.7519999999999989,Cepheid
15.466,2.5706764,0.622,0.6150000000000002,Cepheid
12.61,25.8032221,0.471,1.141,Cepheid
14.355,6.9236149,0.295,0.7959999999999994,Cepheid
15.729,2.9999738,0.398,0.8710000000000022,Cepheid
15.703,2.6597044,0.421,0.8079999999999998,Cepheid
15.915,2.2629302,0.447,0.7210000000000001,Cepheid
14.804,10.4872183,0.502,1.5039999999999996,Cepheid
15.213,3.7119707,0.291,0.7840000000000007,Cepheid
14.574,6.6133232,0.314,0.8759999999999994,Cepheid
15.421,2.7041216,0.547,0.6640000000000015,Cepheid
15.492,3.0030108,0.457,0.7710000000000008,Cepheid
14.773,4.6570029,0.554,0.6980000000000004,Cepheid
15.507,2.7510771,0.49,0.6830000000000016,Cepheid
14.147,8.6224134,0.301,0.7609999999999992,Cepheid
15.266,3.539934,0.278,0.7619999999999987,Cepheid
15.307,3.5373322,0.47,0.7909999999999986,Cepheid
14.911,4.9377907,0.233,0.8320000000000007,Cepheid
15.075,4.4437759,0.402,0.8320000000000007,Cepheid
15.088,3.8150888,0.429,0.7100000000000009,Cepheid
15.178,3.7134478,0.407,0.7779999999999987,Cepheid
13.609,16.162149,0.704,1.1850000000000005,Cepheid
15.081,3.4513038,0.603,0.6769999999999996,Cepheid
14.596,5.2259745,0.448,0.7360000000000007,Cepheid
15.28,3.3621968,0.426,0.7149999999999999,Cepheid
15.396,3.2234021,0.453,0.7579999999999991,Cepheid
14.778,4.8680306,0.466,0.8040000000000003,Cepheid
15.6,2.7990775,0.369,0.706999999999999,Cepheid
14.765,5.0632432,0.335,0.8089999999999993,Cepheid
15.249,3.5696674,0.39,0.7619999999999987,Cepheid
14.969,4.4352638,0.25,0.7750000000000004,Cepheid
14.085,9.3901537,0.594,0.8139999999999983,Cepheid
15.156,4.0644842,0.273,0.7329999999999988,Cepheid
15.925,2.0832248,0.463,0.6939999999999991,Cepheid
14.072,9.7075485,0.131,0.9610000000000003,Cepheid
14.734,4.7699608,0.583,0.6980000000000004,Cepheid
15.185,3.9531601,0.452,0.786999999999999,Cepheid
15.381,4.1885164,0.274,0.9669999999999987,Cepheid
15.109,4.1549918,0.278,0.7910000000000004,Cepheid
14.727,5.0244194,0.441,0.7460000000000004,Cepheid
14.557,7.2391398,0.176,0.907,Cepheid
14.659,4.71117,0.425,0.734,Cepheid
14.715,4.9108583,0.401,0.75,Cepheid
13.861,10.0717309,0.133,0.8889999999999993,Cepheid
13.786,10.371829,0.355,0.8030000000000008,Cepheid
14.695,4.333154,0.644,0.5939999999999994,Cepheid
14.296,7.4130671,0.264,0.8420000000000005,Cepheid
15.441,3.0703847,0.504,0.6859999999999982,Cepheid
15.523,3.1582641,0.481,0.7530000000000001,Cepheid
14.508,6.4571732,0.484,0.8480000000000008,Cepheid
13.983,9.0635372,0.425,0.843,Cepheid
15.744,2.7392781,0.356,0.8760000000000012,Cepheid
15.599,2.606857,0.355,0.6750000000000007,Cepheid
15.038,4.2669492,0.359,0.7940000000000005,Cepheid
15.044,4.881671,0.606,0.8529999999999998,Cepheid
15.272,3.0436661,0.54,0.6199999999999992,Cepheid
16.036,1.9840059,0.388,0.7479999999999976,Cepheid
15.265,3.0075475,0.56,0.7590000000000003,Cepheid
16.032,3.0274023,0.434,1.027000000000001,Cepheid
14.903,4.1153368,0.535,0.657,Cepheid
13.635,13.1429153,0.55,0.9559999999999995,Cepheid
15.295,2.9973375,0.52,0.6739999999999995,Cepheid
14.652,6.7760125,0.177,0.8630000000000013,Cepheid
14.456,6.2272111,0.29,0.8790000000000013,Cepheid
15.047,5.1478634,0.227,0.8650000000000002,Cepheid
15.37,3.1765219,0.427,0.7550000000000008,Cepheid
15.594,3.0728241,0.438,0.8750000000000018,Cepheid
16.431,1.6419129,0.47,0.8840000000000003,Cepheid
15.61,3.21915,0.274,0.7669999999999995,Cepheid
15.414,3.1985015,0.616,0.8480000000000008,Cepheid
15.458,2.7366894,0.298,0.7249999999999996,Cepheid
14.991,4.4423753,0.401,0.7780000000000005,Cepheid
14.04,9.2159511,0.084,0.7680000000000007,Cepheid
15.446,2.8597231,0.493,0.7670000000000012,Cepheid
16.233,1.6231946,0.235,0.6870000000000012,Cepheid
14.817,5.0996687,0.041,0.7769999999999992,Cepheid
15.384,3.6670478,0.405,0.8350000000000009,Cepheid
15.363,2.8096205,0.505,0.6709999999999994,Cepheid
14.95,4.7962933,0.521,0.923,Cepheid
15.67,2.6558298,0.479,0.7219999999999995,Cepheid
16.729,1.5268747,0.542,0.8030000000000008,Cepheid
15.341,3.2678045,0.426,0.7440000000000015,Cepheid
13.973,9.3692526,0.274,0.827,Cepheid
15.707,2.6560771,0.33,0.7029999999999994,Cepheid
15.748,2.4950057,0.496,0.7440000000000015,Cepheid
14.686,5.8320304,0.299,0.7840000000000007,Cepheid
15.063,3.9681883,0.494,0.7639999999999993,Cepheid
14.388,6.4519875,0.343,0.8100000000000005,Cepheid
13.921,8.2102325,0.547,0.7250000000000014,Cepheid
15.637,2.887873,0.398,0.8320000000000007,Cepheid
14.941,4.6225058,0.381,0.7850000000000001,Cepheid
15.071,5.1403556,0.564,1.0729999999999986,Cepheid
14.656,5.3371223,0.263,0.738999999999999,Cepheid
14.381,6.5408795,0.556,0.766,Cepheid
15.614,2.6605001,0.577,0.7259999999999991,Cepheid
15.547,2.9730942,0.483,0.7300000000000004,Cepheid
15.432,3.073783,0.398,0.7569999999999997,Cepheid
15.868,2.6423992,0.391,0.8429999999999982,Cepheid
15.125,3.7684351,0.496,0.6880000000000006,Cepheid
15.489,3.0988588,0.411,0.7779999999999987,Cepheid
15.103,3.7069186,0.519,0.7089999999999996,Cepheid
15.354,2.8529229,0.563,0.6799999999999997,Cepheid
14.947,4.4984237,0.339,0.8010000000000002,Cepheid
14.013,10.6625654,0.416,0.9239999999999995,Cepheid
14.193,6.7824931,0.179,0.8130000000000006,Cepheid
14.869,4.6549569,0.446,0.7560000000000002,Cepheid
14.62,5.1951434,0.503,0.7410000000000014,Cepheid
15.397,3.8718989,0.451,0.9530000000000012,Cepheid
15.089,3.8856076,0.553,0.7080000000000002,Cepheid
15.139,4.7892718,0.209,0.9830000000000005,Cepheid
15.402,3.1056272,0.25,0.7430000000000003,Cepheid
15.475,2.9893319,0.375,0.724000000000002,Cepheid
14.162,7.0694775,0.533,0.7409999999999997,Cepheid
16.633,1.1530145,0.33,0.625,Cepheid
14.897,4.416176,0.562,0.7629999999999999,Cepheid
14.544,7.2297353,0.537,0.9429999999999996,Cepheid
13.7,12.1955622,0.568,0.8930000000000007,Cepheid
13.251,14.4891397,0.63,0.8630000000000013,Cepheid
15.582,2.591599,0.448,0.7360000000000007,Cepheid
14.962,5.5671712,0.44,0.9710000000000001,Cepheid
14.732,7.3233489,0.137,0.9300000000000015,Cepheid
14.253,8.5588051,0.382,0.8629999999999995,Cepheid
14.597,5.7373087,0.472,0.793000000000001,Cepheid
15.529,3.133737,0.521,0.8590000000000018,Cepheid
14.376,7.6991321,0.19,0.8790000000000013,Cepheid
13.268,13.962397,0.636,0.8609999999999989,Cepheid
14.775,5.339394,0.442,0.7489999999999988,Cepheid
15.676,4.0187287,0.508,1.142999999999999,Cepheid
13.808,14.3918873,0.531,1.0389999999999997,Cepheid
15.597,2.3365269,0.281,0.6760000000000002,Cepheid
15.563,2.8937904,0.548,0.8119999999999994,Cepheid
15.081,4.1121299,0.552,0.7480000000000011,Cepheid
14.872,5.7629723,0.283,0.984,Cepheid
15.074,6.5320165,0.203,1.0669999999999984,Cepheid
14.379,5.731468,0.567,0.6959999999999997,Cepheid
15.413,3.3571861,0.416,0.8470000000000013,Cepheid
15.515,2.9075887,0.563,0.7569999999999979,Cepheid
15.937,3.0398703,0.418,0.9700000000000006,Cepheid
14.57,5.6390069,0.325,0.7300000000000004,Cepheid
16.344,1.580708,0.444,0.7189999999999976,Cepheid
14.086,9.1336638,0.189,0.9190000000000005,Cepheid
15.351,3.0941948,0.456,0.6940000000000008,Cepheid
15.366,3.2338202,0.395,0.7330000000000005,Cepheid
15.421,3.2184818,0.452,0.6730000000000018,Cepheid
14.237,8.4021455,0.329,0.9420000000000002,Cepheid
13.93,7.4948933,0.545,0.7070000000000007,Cepheid
15.303,2.9604722,0.484,0.6529999999999987,Cepheid
14.294,6.9358454,0.548,0.7899999999999991,Cepheid
15.792,3.6554591,0.395,1.0439999999999987,Cepheid
16.267,1.6504659,0.719,0.6099999999999994,Cepheid
15.627,2.3966455,0.528,0.6429999999999989,Cepheid
15.873,2.5089326,0.366,0.7760000000000016,Cepheid
15.487,2.7868382,0.307,0.7649999999999988,Cepheid
13.705,11.9049674,0.516,0.9079999999999995,Cepheid
15.174,4.0714025,0.488,0.8629999999999995,Cepheid
15.883,2.5161576,0.478,0.782,Cepheid
15.698,2.3298863,0.329,0.6999999999999993,Cepheid
14.858,4.0881838,0.506,0.7149999999999999,Cepheid
15.471,2.9242087,0.481,0.7809999999999988,Cepheid
14.33,7.9064434,0.152,0.8520000000000003,Cepheid
14.186,7.3956155,0.399,0.8149999999999995,Cepheid
16.62,1.2629545,0.513,0.6559999999999988,Cepheid
15.297,3.0836691,0.525,0.6760000000000002,Cepheid
15.688,3.2485715,0.425,0.8699999999999992,Cepheid
14.021,7.7540189,0.525,0.6549999999999994,Cepheid
15.405,3.1875249,0.521,0.798,Cepheid
15.506,2.9163998,0.41,0.7469999999999999,Cepheid
15.37,3.5751169,0.494,0.859,Cepheid
14.866,4.7279853,0.441,0.8040000000000003,Cepheid
15.07,5.1915436,0.32,0.9199999999999999,Cepheid
15.473,2.9496717,0.507,0.7179999999999982,Cepheid
15.043,3.1334968,0.324,0.8840000000000003,Cepheid
15.569,3.0921063,0.513,0.8100000000000005,Cepheid
15.202,4.7942566,0.36,1.0220000000000002,Cepheid
15.588,2.6335155,0.457,0.7360000000000024,Cepheid
15.499,2.8880981,0.411,0.702,Cepheid
15.415,3.215967,0.323,0.7970000000000006,Cepheid
15.016,9.3786301,0.189,1.4159999999999986,Cepheid
13.594,12.9166525,0.668,0.7850000000000001,Cepheid
14.614,6.4876466,0.08,0.8069999999999986,Cepheid
15.455,2.8179387,0.431,0.6919999999999984,Cepheid
15.292,3.6843874,0.4,0.8330000000000002,Cepheid
16.85,1.3080756,0.295,0.6049999999999969,Cepheid
15.258,3.3438272,0.465,0.7400000000000002,Cepheid
15.029,4.8751018,0.272,0.952,Cepheid
15.189,5.0765781,0.375,1.0769999999999982,Cepheid
14.155,7.7203486,0.433,0.793000000000001,Cepheid
15.155,3.7113392,0.502,0.713000000000001,Cepheid
13.95,8.8435494,0.487,0.7830000000000013,Cepheid
13.939,12.9876995,0.517,0.9589999999999996,Cepheid
15.537,2.731346,0.502,0.6940000000000008,Cepheid
14.918,4.8633356,0.427,0.8340000000000014,Cepheid
15.138,3.7503262,0.492,0.7300000000000004,Cepheid
15.505,2.808369,0.478,0.6799999999999979,Cepheid
15.592,2.6819949,0.457,0.7520000000000007,Cepheid
14.801,5.8129308,0.282,0.9049999999999994,Cepheid
14.425,6.3168851,0.445,0.802999999999999,Cepheid
16.179,1.7741361,0.533,0.6370000000000005,Cepheid
15.681,2.9487496,0.6,0.7739999999999991,Cepheid
15.265,3.3649649,0.483,0.7309999999999999,Cepheid
14.93,4.3334295,0.563,0.75,Cepheid
15.575,2.7567133,0.495,0.7579999999999991,Cepheid
14.573,5.4073787,0.419,0.770999999999999,Cepheid
14.919,4.6901728,0.469,0.7349999999999994,Cepheid
16.115,1.5817434,0.362,0.6400000000000006,Cepheid
15.172,4.2993387,0.435,0.8900000000000006,Cepheid
15.645,2.9082126,0.475,0.7280000000000015,Cepheid
15.789,2.3993135,0.428,0.8770000000000007,Cepheid
14.446,6.0207215,0.486,0.7780000000000005,Cepheid
15.21,4.0587007,0.485,0.8409999999999975,Cepheid
14.088,7.3200949,0.512,0.745000000000001,Cepheid
15.365,3.8381531,0.355,0.8879999999999999,Cepheid
15.199,3.3464376,0.539,0.6270000000000007,Cepheid
13.865,8.1702063,0.521,0.7200000000000006,Cepheid
15.066,4.2818321,0.348,0.7929999999999993,Cepheid
15.197,3.880383,0.249,0.7800000000000011,Cepheid
14.881,4.6382277,0.446,0.7750000000000004,Cepheid
15.243,3.428555,0.49,0.706999999999999,Cepheid
16.83,2.2717097,0.607,1.3530000000000015,Cepheid
14.568,7.6714961,0.246,1.0120000000000005,Cepheid
14.853,4.7893406,0.36,0.798,Cepheid
15.487,2.7256807,0.506,0.6719999999999988,Cepheid
14.985,4.0089573,0.63,0.6870000000000012,Cepheid
15.353,3.4169899,0.474,0.8209999999999997,Cepheid
14.999,4.1055073,0.428,0.7279999999999998,Cepheid
15.483,2.8617351,0.358,0.7190000000000012,Cepheid
15.082,5.3921108,0.31,1.0219999999999985,Cepheid
15.335,2.9827359,0.512,0.6559999999999988,Cepheid
15.212,3.4418324,0.611,0.7590000000000003,Cepheid
14.803,4.920248,0.38,0.786999999999999,Cepheid
15.222,3.0779567,0.466,0.6630000000000003,Cepheid
15.959,2.5452049,0.333,0.8590000000000018,Cepheid
15.15,2.9827441,0.358,0.5299999999999994,Cepheid
14.343,7.1714595,0.454,0.8650000000000002,Cepheid
15.202,3.787936,0.406,0.7609999999999992,Cepheid
14.379,8.6216395,0.271,0.9510000000000005,Cepheid
15.436,3.2570856,0.164,0.8329999999999984,Cepheid
15.617,2.7987176,0.257,0.7809999999999988,Cepheid
15.312,3.1290929,0.614,0.6950000000000021,Cepheid
13.427,14.6769364,0.559,0.9050000000000011,Cepheid
16.188,1.7809129,0.321,0.6750000000000007,Cepheid
16.095,1.7945787,0.754,0.6290000000000013,Cepheid
15.649,3.3546296,0.444,0.9380000000000006,Cepheid
15.518,3.7655603,0.421,0.9280000000000008,Cepheid
15.11,3.9474169,0.343,0.7759999999999998,Cepheid
15.482,2.774961,0.455,0.6660000000000004,Cepheid
15.08,4.1170499,0.535,0.8070000000000004,Cepheid
15.997,2.0753594,0.523,0.7070000000000007,Cepheid
13.939,8.6929664,0.403,0.7639999999999993,Cepheid
14.585,6.5535352,0.337,0.782,Cepheid
14.332,6.9775855,0.363,0.8049999999999997,Cepheid
15.088,3.8177132,0.493,0.7140000000000004,Cepheid
15.345,3.6772562,0.611,0.6470000000000002,Cepheid
14.047,8.5906114,0.505,0.7939999999999987,Cepheid
15.184,4.3209139,0.265,0.9049999999999994,Cepheid
14.642,7.465922,0.415,1.0340000000000007,Cepheid
14.558,6.3379156,0.095,0.7850000000000001,Cepheid
15.173,2.9428218,0.297,0.6739999999999995,Cepheid
15.135,4.1560599,0.113,0.7870000000000008,Cepheid
15.187,3.6057897,0.448,0.6780000000000008,Cepheid
15.017,3.9314865,0.467,0.7220000000000013,Cepheid
13.388,13.283416,0.711,0.798,Cepheid
16.335,1.8260389,0.37,0.754999999999999,Cepheid
13.278,15.215075,0.635,0.7560000000000002,Cepheid
14.991,4.1801985,0.406,0.7810000000000006,Cepheid
15.589,2.7808141,0.615,0.8600000000000012,Cepheid
14.858,3.0799167,0.235,0.8439999999999994,Cepheid
15.398,3.118403,0.396,0.722999999999999,Cepheid
14.791,5.331729,0.124,0.8279999999999994,Cepheid
15.501,2.4173718,0.569,0.645999999999999,Cepheid
15.69,2.5980496,0.471,0.7769999999999992,Cepheid
15.447,3.1095375,0.472,0.7540000000000013,Cepheid
14.746,4.8889839,0.499,0.7579999999999991,Cepheid
15.079,3.9182618,0.465,0.7199999999999989,Cepheid
15.65,2.7281386,0.297,0.738999999999999,Cepheid
15.232,3.4209047,0.404,0.7510000000000012,Cepheid
12.767,23.049898,0.516,1.0820000000000007,Cepheid
13.304,20.6393663,0.671,1.0269999999999992,Cepheid
15.518,2.6939804,0.501,0.6799999999999997,Cepheid
14.893,3.9657274,0.581,0.6629999999999985,Cepheid
15.242,3.4052685,0.452,0.7079999999999984,Cepheid
15.201,3.5089327,0.44,0.7240000000000002,Cepheid
15.235,3.2000526,0.467,0.6920000000000002,Cepheid
15.673,2.5770292,0.599,0.6940000000000008,Cepheid
16.423,1.987301,0.43,0.9140000000000015,Cepheid
13.75,13.7458764,0.452,1.0109999999999992,Cepheid
15.55,2.8829357,0.49,0.754999999999999,Cepheid
14.855,4.2054725,0.467,0.7039999999999988,Cepheid
15.033,3.733429,0.77,0.49600000000000044,Cepheid
15.083,3.4200716,0.542,0.6440000000000001,Cepheid
15.61,2.879169,0.432,0.7490000000000023,Cepheid
12.407,31.0504909,0.751,0.9420000000000002,Cepheid
15.518,2.8957105,0.274,0.7270000000000003,Cepheid
14.613,5.0455416,0.467,0.6180000000000003,Cepheid
15.993,2.9083208,0.495,1.0099999999999998,Cepheid
15.735,2.5641798,0.448,0.740000000000002,Cepheid
15.012,3.5574181,0.495,0.6929999999999996,Cepheid
15.756,2.8873707,0.598,0.8739999999999988,Cepheid
15.961,2.7539193,0.559,0.918000000000001,Cepheid
14.704,5.7296034,0.49,0.766,Cepheid
15.194,3.3457569,0.438,0.7039999999999988,Cepheid
15.496,2.6198272,0.35,0.7000000000000011,Cepheid
14.942,4.1743109,0.417,0.8119999999999994,Cepheid
15.966,2.8451611,0.461,1.0310000000000006,Cepheid
14.934,3.8288932,0.64,0.6530000000000005,Cepheid
14.598,5.6523537,0.424,0.8679999999999986,Cepheid
14.917,4.3163444,0.377,0.7840000000000007,Cepheid
15.103,4.4249121,0.552,0.9640000000000004,Cepheid
14.662,5.1651454,0.574,0.7459999999999987,Cepheid
15.213,3.6907819,0.566,0.7230000000000008,Cepheid
15.097,4.5192928,0.17,0.875,Cepheid
15.67,2.7113754,0.263,0.7829999999999995,Cepheid
14.033,7.640672,0.532,0.6980000000000004,Cepheid
15.631,2.7191106,0.351,0.7409999999999997,Cepheid
14.64,4.6801609,0.56,0.6339999999999986,Cepheid
14.061,9.1253715,0.336,0.8529999999999998,Cepheid
15.874,3.0464527,0.385,0.886000000000001,Cepheid
15.497,2.5743725,0.666,0.625,Cepheid
14.786,4.8203638,0.298,0.7650000000000006,Cepheid
14.405,6.8380632,0.303,0.7830000000000013,Cepheid
15.916,2.387229,0.32,0.7409999999999997,Cepheid
14.986,4.4572389,0.364,0.8259999999999987,Cepheid
15.507,3.1928304,0.414,0.798,Cepheid
15.366,3.163485,0.394,0.7319999999999993,Cepheid
15.843,2.6352742,0.546,0.7319999999999993,Cepheid
15.747,3.7635708,0.204,1.2319999999999993,Cepheid
14.889,5.4089127,0.431,0.8920000000000012,Cepheid
14.648,6.5881487,0.239,0.8629999999999995,Cepheid
15.948,2.0890713,0.352,0.6969999999999992,Cepheid
15.384,3.1232335,0.474,0.690999999999999,Cepheid
14.628,4.7849894,0.504,0.6760000000000002,Cepheid
14.859,4.1558873,0.44,0.6859999999999999,Cepheid
13.89,9.04843,0.268,0.8059999999999992,Cepheid
15.743,2.8230954,0.381,0.8450000000000006,Cepheid
15.007,4.9378259,0.471,0.8780000000000001,Cepheid
14.89,4.6568272,0.501,0.802999999999999,Cepheid
15.415,3.1477368,0.338,0.6539999999999999,Cepheid
15.151,3.5455839,0.366,0.7629999999999999,Cepheid
15.199,3.4256475,0.496,0.7539999999999996,Cepheid
15.081,4.0034053,0.378,0.766,Cepheid
13.988,9.3035424,0.273,0.9100000000000001,Cepheid
15.772,2.3992973,0.457,0.7819999999999983,Cepheid
14.836,4.0714588,0.583,0.6839999999999993,Cepheid
15.278,3.8841435,0.591,0.9199999999999999,Cepheid
15.424,2.668518,0.494,0.5750000000000011,Cepheid
15.398,3.3988473,0.243,0.847999999999999,Cepheid
14.582,5.2642526,0.076,0.552999999999999,Cepheid
15.653,3.3658132,0.433,0.9189999999999987,Cepheid
15.21,3.5480074,0.564,0.7979999999999983,Cepheid
15.599,3.0256947,0.36,0.8049999999999997,Cepheid
15.708,2.633879,0.716,0.7849999999999984,Cepheid
15.471,3.1999731,0.492,0.7880000000000003,Cepheid
12.852,21.262368,0.729,0.8849999999999998,Cepheid
15.229,3.3857716,0.599,0.7350000000000012,Cepheid
16.323,2.9084522,0.475,1.070999999999998,Cepheid
15.208,4.0502941,0.392,0.7829999999999995,Cepheid
15.351,3.41877,0.582,0.775999999999998,Cepheid
15.553,3.029614,0.535,0.7749999999999986,Cepheid
15.343,3.3744849,0.354,0.7600000000000016,Cepheid
15.123,3.6440838,0.532,0.6430000000000007,Cepheid
13.991,9.0511441,0.48,0.8900000000000006,Cepheid
16.256,1.9861446,0.277,0.875,Cepheid
13.967,10.4776894,0.325,0.9100000000000001,Cepheid
15.44,2.9151497,0.436,0.702,Cepheid
15.264,4.4219554,0.449,1.0109999999999992,Cepheid
15.37,3.2621268,0.481,0.7150000000000016,Cepheid
16.052,3.4936343,0.491,1.1219999999999999,Cepheid
15.268,3.1054632,0.436,0.7240000000000002,Cepheid
15.361,3.2058181,0.435,0.7399999999999984,Cepheid
15.37,3.59175,0.622,0.9450000000000021,Cepheid
15.994,3.2800919,0.441,1.1829999999999998,Cepheid
15.373,3.0921631,0.256,0.7040000000000024,Cepheid
15.922,2.31295,0.475,0.8789999999999978,Cepheid
15.355,3.12381,0.394,0.7139999999999986,Cepheid
16.426,1.4626657,0.467,0.6890000000000001,Cepheid
14.834,5.6257708,0.392,0.9039999999999999,Cepheid
14.105,9.1794608,0.108,0.8929999999999989,Cepheid
15.364,3.2677563,0.345,0.7439999999999998,Cepheid
15.184,3.7772169,0.609,0.6930000000000014,Cepheid
14.762,5.2877037,0.301,0.7839999999999989,Cepheid
15.684,3.011009,0.472,0.8529999999999998,Cepheid
15.752,2.3419013,0.526,0.7140000000000004,Cepheid
15.37,3.4890115,0.353,0.8250000000000011,Cepheid
12.957,21.1177721,0.567,0.9269999999999996,Cepheid
15.542,4.6134005,0.483,1.2260000000000009,Cepheid
14.91,4.3216149,0.405,0.7170000000000005,Cepheid
15.229,3.7806176,0.542,0.8079999999999998,Cepheid
15.897,2.2984889,0.634,0.761000000000001,Cepheid
15.463,3.3673128,0.545,0.8650000000000002,Cepheid
15.683,6.8566818,0.432,1.4909999999999997,Cepheid
13.936,8.8995692,0.467,0.7270000000000003,Cepheid
15.719,2.6736284,0.488,0.8349999999999991,Cepheid
13.853,11.2626615,0.386,0.8879999999999999,Cepheid
13.941,8.7388601,0.509,0.8140000000000001,Cepheid
15.555,3.0778322,0.238,0.7959999999999994,Cepheid
13.57,10.792565,0.505,0.7669999999999995,Cepheid
15.382,3.3879029,0.378,0.7370000000000001,Cepheid
15.863,2.6797613,0.34,0.8300000000000018,Cepheid
18.884,0.561914,0.595,0.6630000000000003,RR Lyrae
18.769,0.6196463,0.339,0.745000000000001,RR Lyrae
18.907,0.509448,0.745,0.5079999999999991,RR Lyrae
18.52,0.5410892,0.648,0.5,RR Lyrae
18.773,0.6985419,0.277,0.7330000000000005,RR Lyrae
18.765,0.5977248,0.381,0.6400000000000006,RR Lyrae
18.798,0.5776028,0.542,0.5840000000000032,RR Lyrae
18.888,0.5940457,0.406,0.6599999999999966,RR Lyrae
18.851,0.5775305,0.518,0.5710000000000015,RR Lyrae
18.729,0.5630028,0.45,0.6449999999999996,RR Lyrae
18.897,0.4851384,0.756,0.7650000000000006,RR Lyrae
18.349,0.6264183,0.375,0.6050000000000004,RR Lyrae
19.104,0.4162749,0.859,0.46300000000000097,RR Lyrae
18.873,0.5871679,0.372,0.6759999999999984,RR Lyrae
18.762,0.5054928,0.663,0.5530000000000008,RR Lyrae
18.647,0.6285541,0.525,0.6000000000000014,RR Lyrae
18.767,0.5632496,0.697,0.5809999999999995,RR Lyrae
19.022,0.6424845,0.166,0.8360000000000021,RR Lyrae
19.592,0.5611293,0.614,1.2530000000000001,RR Lyrae
18.859,0.5100336,0.496,0.4889999999999972,RR Lyrae
18.903,0.5514975,0.659,0.6030000000000015,RR Lyrae
18.806,0.5734004,0.465,0.5730000000000004,RR Lyrae
19.271,0.4609623,0.613,0.5599999999999987,RR Lyrae
18.874,0.5367095,0.69,0.5970000000000013,RR Lyrae
18.753,0.5255495,0.577,0.5380000000000003,RR Lyrae
18.912,0.5713348,0.613,0.708000000000002,RR Lyrae
19.432,0.5427067,0.667,0.9120000000000026,RR Lyrae
18.589,0.5654986,0.558,0.6130000000000031,RR Lyrae
18.697,0.6034562,0.398,0.5350000000000001,RR Lyrae
18.345,0.5863182,0.588,0.48600000000000065,RR Lyrae
18.588,0.6362352,0.772,0.5559999999999974,RR Lyrae
19.169,0.4757286,0.833,0.6209999999999987,RR Lyrae
18.476,0.6046599,0.361,0.5749999999999993,RR Lyrae
18.809,0.631185,0.468,0.6149999999999984,RR Lyrae
18.692,0.6442921,0.227,0.5889999999999986,RR Lyrae
18.739,0.5536144,0.569,0.5289999999999999,RR Lyrae
18.67,0.5850871,0.641,0.5609999999999999,RR Lyrae
18.599,0.6861096,0.433,0.6640000000000015,RR Lyrae
18.582,0.6124955,0.645,0.6020000000000003,RR Lyrae
18.9,0.5460558,0.588,0.5240000000000009,RR Lyrae
18.852,0.5231672,0.805,0.4980000000000011,RR Lyrae
18.86,0.514384,0.825,0.5309999999999988,RR Lyrae
18.928,0.514192,0.807,0.5249999999999986,RR Lyrae
18.689,0.6002101,0.508,0.6000000000000014,RR Lyrae
18.637,0.5712446,0.45,0.6780000000000008,RR Lyrae
18.933,0.591204,0.464,0.7609999999999992,RR Lyrae
18.826,0.4729463,0.814,0.4969999999999999,RR Lyrae
18.879,0.6198352,0.358,0.6999999999999993,RR Lyrae
19.575,0.4341788,0.536,0.7140000000000022,RR Lyrae
18.876,0.6253635,0.409,0.639999999999997,RR Lyrae
18.47,0.6393957,0.258,0.5910000000000011,RR Lyrae
19.169,0.6491286,0.38,0.6679999999999993,RR Lyrae
19.011,0.6514022,0.66,0.6640000000000015,RR Lyrae
18.971,0.579649,0.575,0.6479999999999997,RR Lyrae
18.535,0.6430222,0.508,0.5549999999999997,RR Lyrae
18.835,0.6261913,0.331,0.6609999999999978,RR Lyrae
18.724,0.625601,0.263,0.6709999999999994,RR Lyrae
18.563,0.696477,0.385,0.6290000000000013,RR Lyrae
18.765,0.5525805,0.645,0.5629999999999988,RR Lyrae
18.772,0.5653362,0.523,0.7660000000000018,RR Lyrae
18.745,0.6162834,0.384,0.5039999999999978,RR Lyrae
18.587,0.580322,0.455,0.5869999999999997,RR Lyrae
19.762,0.5128784,0.748,1.25,RR Lyrae
18.904,0.4738998,0.791,0.5259999999999998,RR Lyrae
19.119,0.5102876,0.804,0.6870000000000012,RR Lyrae
18.895,0.5287456,0.805,0.6430000000000007,RR Lyrae
18.682,0.5646513,0.764,0.5050000000000026,RR Lyrae
18.619,0.6864659,0.345,0.6159999999999997,RR Lyrae
18.734,0.6252101,0.3,0.6449999999999996,RR Lyrae
18.69,0.546899,0.745,0.5209999999999972,RR Lyrae
18.726,0.5134813,0.611,0.45700000000000074,RR Lyrae
19.0,0.4867109,0.85,0.5010000000000012,RR Lyrae
18.589,0.4968701,0.584,0.2170000000000023,RR Lyrae
19.025,0.4853546,0.719,0.5289999999999999,RR Lyrae
18.765,0.5756022,0.663,0.5859999999999985,RR Lyrae
18.74,0.5736845,0.751,0.5720000000000027,RR Lyrae
18.435,0.5440144,0.4,0.5470000000000006,RR Lyrae
18.878,0.5807511,0.573,0.6179999999999986,RR Lyrae
18.581,0.607505,0.367,0.5730000000000004,RR Lyrae
19.023,0.5122722,0.77,0.5629999999999988,RR Lyrae
18.933,0.4532613,0.883,0.5489999999999995,RR Lyrae
18.817,0.4915624,0.864,0.48499999999999943,RR Lyrae
19.793,0.5791234,0.532,1.154,RR Lyrae
18.204,0.6263358,0.383,0.8099999999999987,RR Lyrae
17.927,0.7093017,0.226,0.6730000000000018,RR Lyrae
18.85,0.5211907,0.47,0.7069999999999972,RR Lyrae
18.858,0.3758302,0.227,0.6099999999999994,RR Lyrae
18.634,0.5656958,0.568,0.559000000000001,RR Lyrae
19.13,0.5144272,0.559,0.5500000000000007,RR Lyrae
15.41,0.6642958,0.615,0.5500000000000007,RR Lyrae
18.884,0.4643942,0.893,0.43700000000000117,RR Lyrae
18.812,0.5496134,0.782,0.4889999999999972,RR Lyrae
19.224,0.539408,0.579,1.0070000000000014,RR Lyrae
19.077,0.6194295,0.368,0.7469999999999999,RR Lyrae
18.801,0.6328002,0.245,0.6400000000000006,RR Lyrae
18.514,0.5136843,0.361,0.6020000000000003,RR Lyrae
18.636,0.5807819,0.459,0.5640000000000001,RR Lyrae
18.454,0.6028471,0.388,0.620000000000001,RR Lyrae
18.94,0.4698478,0.86,0.5309999999999988,RR Lyrae
18.682,0.6419088,0.162,0.6950000000000003,RR Lyrae
18.62,0.6872644,0.608,0.5599999999999987,RR Lyrae
18.814,0.6300102,0.262,0.6859999999999999,RR Lyrae
19.017,0.5545085,0.632,0.6990000000000016,RR Lyrae
19.125,0.5965483,0.429,0.6460000000000008,RR Lyrae
18.47,0.5111608,0.489,0.4930000000000021,RR Lyrae
19.086,0.4789584,0.803,0.4969999999999999,RR Lyrae
18.771,0.5647112,0.57,0.5399999999999991,RR Lyrae
18.682,0.5895761,0.486,0.5510000000000019,RR Lyrae
19.347,0.4466287,0.742,0.6050000000000004,RR Lyrae
18.593,0.5291991,0.776,0.5740000000000016,RR Lyrae
18.915,0.557545,0.362,0.7240000000000002,RR Lyrae
18.7,0.6243231,0.382,0.36299999999999955,RR Lyrae
18.888,0.4888904,0.54,0.4419999999999966,RR Lyrae
18.864,0.6658932,0.435,0.838000000000001,RR Lyrae
19.246,0.6185257,0.308,0.8670000000000009,RR Lyrae
18.808,0.6259153,0.209,0.6479999999999997,RR Lyrae
18.576,0.6784104,0.432,0.5829999999999984,RR Lyrae
18.17,0.5997344,0.131,1.1999999999999993,RR Lyrae
19.247,0.5061444,0.455,0.7779999999999987,RR Lyrae
18.752,0.6179931,0.374,0.554000000000002,RR Lyrae
19.055,0.5004553,0.584,0.6859999999999999,RR Lyrae
18.857,0.5924294,0.491,0.7040000000000006,RR Lyrae
18.285,0.6343013,0.495,0.5109999999999992,RR Lyrae
18.536,0.6920768,0.521,0.6129999999999995,RR Lyrae
16.433,0.6518404,0.078,-0.12600000000000122,RR Lyrae
18.796,0.6532135,0.405,0.6310000000000002,RR Lyrae
18.786,0.5738311,0.705,0.5849999999999973,RR Lyrae
18.827,0.555523,0.64,0.6189999999999998,RR Lyrae
18.98,0.5910633,0.438,0.8769999999999989,RR Lyrae
18.898,0.6128502,0.372,0.6939999999999991,RR Lyrae
18.724,0.6033204,0.469,0.5790000000000006,RR Lyrae
18.858,0.5196296,0.699,0.5489999999999995,RR Lyrae
19.037,0.5496529,0.681,0.7020000000000017,RR Lyrae
18.546,0.4480454,0.389,0.24900000000000233,RR Lyrae
18.941,0.5647997,0.531,0.5700000000000003,RR Lyrae
18.804,0.4867742,0.677,0.5160000000000018,RR Lyrae
18.612,0.7841159,0.132,0.6670000000000016,RR Lyrae
19.262,0.5633245,0.542,0.7899999999999991,RR Lyrae
18.477,0.7914682,0.349,0.684000000000001,RR Lyrae
18.691,0.7090249,0.279,0.615000000000002,RR Lyrae
18.86,0.5776709,0.553,0.49900000000000233,RR Lyrae
18.613,0.6421471,0.246,0.6559999999999988,RR Lyrae
18.649,0.5063468,0.78,0.46000000000000085,RR Lyrae
17.916,0.5675466,0.274,0.8320000000000007,RR Lyrae
18.695,0.550736,0.567,0.5730000000000004,RR Lyrae
18.982,0.4418535,0.798,0.5749999999999993,RR Lyrae
18.708,0.5588462,0.771,0.5530000000000008,RR Lyrae
17.677,0.6169111,0.209,0.7959999999999994,RR Lyrae
18.657,0.5840329,0.618,0.6460000000000008,RR Lyrae
18.999,0.529618,0.796,0.583000000000002,RR Lyrae
18.699,0.6383952,0.604,0.607999999999997,RR Lyrae
18.94,0.6601804,0.37,0.7129999999999974,RR Lyrae
18.597,0.5804628,0.586,0.4770000000000003,RR Lyrae
18.776,0.5475097,0.679,0.5569999999999986,RR Lyrae
18.956,0.5197983,0.793,0.6060000000000016,RR Lyrae
18.635,0.5554685,0.634,0.5609999999999999,RR Lyrae
18.912,0.4703863,0.809,0.47300000000000253,RR Lyrae
18.175,0.5433683,0.385,0.7369999999999983,RR Lyrae
18.836,0.4984252,0.746,0.4710000000000001,RR Lyrae
18.847,0.7133304,0.442,0.722999999999999,RR Lyrae
18.576,0.739515,0.236,0.718,RR Lyrae
18.938,0.4641076,0.867,0.49900000000000233,RR Lyrae
18.922,0.6980399,0.378,0.7480000000000011,RR Lyrae
18.748,0.5337665,0.391,0.49299999999999855,RR Lyrae
18.789,0.5571259,0.507,0.6419999999999995,RR Lyrae
19.03,0.5045272,0.793,0.6099999999999994,RR Lyrae
18.883,0.5011055,0.762,0.4450000000000003,RR Lyrae
18.469,0.4760177,0.468,0.41000000000000014,RR Lyrae
19.188,0.5045075,0.632,0.7759999999999998,RR Lyrae
18.918,0.5124131,0.792,0.6120000000000019,RR Lyrae
18.667,0.5086707,0.705,0.4759999999999991,RR Lyrae
18.84,0.5865011,0.459,0.6419999999999995,RR Lyrae
18.7,0.6179346,0.242,0.6210000000000022,RR Lyrae
18.814,0.494599,0.712,0.4939999999999998,RR Lyrae
18.625,0.7324083,0.41,0.6600000000000001,RR Lyrae
18.905,0.6238584,0.419,0.7779999999999987,RR Lyrae
18.323,0.3964378,0.189,0.1280000000000001,RR Lyrae
18.877,0.5150475,0.625,0.5130000000000017,RR Lyrae
18.608,0.5716766,0.483,-0.05700000000000216,RR Lyrae
20.119,0.5695442,0.551,1.6389999999999993,RR Lyrae
19.296,0.4050163,0.743,0.4939999999999998,RR Lyrae
19.027,0.5223077,0.713,0.634999999999998,RR Lyrae
18.964,0.6451485,0.497,0.8140000000000001,RR Lyrae
18.865,0.5842912,0.602,0.6630000000000003,RR Lyrae
18.506,0.6949056,0.427,0.597999999999999,RR Lyrae
18.661,0.6347303,0.256,0.593,RR Lyrae
18.801,0.5758403,0.535,0.6580000000000013,RR Lyrae
18.748,0.5164199,0.795,0.4789999999999992,RR Lyrae
18.881,0.5422488,0.652,0.597999999999999,RR Lyrae
18.631,0.6631229,0.472,0.5620000000000012,RR Lyrae
18.93,0.5262891,0.439,0.625,RR Lyrae
18.907,0.5061396,0.526,0.5960000000000001,RR Lyrae
18.87,0.5123925,0.586,0.5459999999999994,RR Lyrae
18.911,0.5093716,0.65,0.4939999999999998,RR Lyrae
18.793,0.5722446,0.64,0.5340000000000025,RR Lyrae
18.763,0.4896569,0.786,0.47399999999999665,RR Lyrae
18.623,0.6596705,0.533,0.5809999999999995,RR Lyrae
18.695,0.6433939,0.314,0.5949999999999989,RR Lyrae
18.798,0.6076613,0.576,0.620000000000001,RR Lyrae
19.527,0.4687459,0.84,0.8339999999999996,RR Lyrae
18.596,0.542853,0.594,0.48600000000000065,RR Lyrae
18.81,0.5127209,0.643,0.5690000000000026,RR Lyrae
18.886,0.5193628,0.673,0.5020000000000024,RR Lyrae
18.842,0.5388884,0.506,0.5140000000000029,RR Lyrae
18.923,0.6173603,0.558,0.6820000000000022,RR Lyrae
19.179,0.382687,0.886,0.38500000000000156,RR Lyrae
18.677,0.6548154,0.139,0.6209999999999987,RR Lyrae
18.724,0.5960906,0.611,0.6280000000000001,RR Lyrae
19.409,0.5694341,0.618,0.8550000000000004,RR Lyrae
18.347,0.6862728,0.615,0.6699999999999982,RR Lyrae
18.959,0.5247155,0.58,0.7149999999999999,RR Lyrae
18.629,0.5778566,0.327,0.6499999999999986,RR Lyrae
18.618,0.4947862,0.534,0.37900000000000134,RR Lyrae
18.149,0.9802852,0.086,0.6780000000000008,RR Lyrae
18.812,0.6126577,0.603,0.6199999999999974,RR Lyrae
18.92,0.4824145,0.692,0.44399999999999906,RR Lyrae
18.916,0.4471715,0.39,0.8689999999999998,RR Lyrae
18.605,0.5831553,0.616,0.46999999999999886,RR Lyrae
18.837,0.6056197,0.803,0.6430000000000007,RR Lyrae
18.569,0.6969575,0.322,0.6330000000000027,RR Lyrae
18.583,0.7665834,0.116,0.6990000000000016,RR Lyrae
18.902,0.4732556,0.85,1.1489999999999974,RR Lyrae
19.293,0.5579507,0.857,0.9690000000000012,RR Lyrae
18.756,0.5793827,0.618,0.6359999999999992,RR Lyrae
18.928,0.7657255,0.383,0.8679999999999986,RR Lyrae
18.691,0.6375324,0.385,0.6389999999999993,RR Lyrae
18.472,0.6277342,0.74,0.5289999999999999,RR Lyrae
18.831,0.612733,0.651,0.6640000000000015,RR Lyrae
18.609,0.6322682,0.311,0.6579999999999977,RR Lyrae
18.616,0.609384,0.346,0.615000000000002,RR Lyrae
18.691,0.7225689,0.153,0.7110000000000021,RR Lyrae
18.686,0.5942341,0.605,0.5249999999999986,RR Lyrae
18.836,0.5837737,0.488,0.5810000000000031,RR Lyrae
18.699,0.624024,0.47,0.5909999999999975,RR Lyrae
18.73,0.5893464,0.51,0.570999999999998,RR Lyrae
18.697,0.5573596,0.534,0.5770000000000017,RR Lyrae
18.835,0.5427177,0.573,0.7519999999999989,RR Lyrae
18.63,0.6637171,0.258,0.6330000000000027,RR Lyrae
18.957,0.495018,0.805,0.5589999999999975,RR Lyrae
18.676,0.5483116,0.673,0.47600000000000264,RR Lyrae
18.543,0.6234729,0.272,1.0779999999999994,RR Lyrae
18.673,0.6378504,0.185,0.615000000000002,RR Lyrae
18.905,0.5054707,0.699,0.5259999999999998,RR Lyrae
18.713,0.5264027,0.731,0.48799999999999955,RR Lyrae
18.831,0.5854613,0.552,0.559000000000001,RR Lyrae
18.856,0.518076,0.749,0.575999999999997,RR Lyrae
18.769,0.5354411,0.713,0.5390000000000015,RR Lyrae
19.043,0.5149179,0.623,0.5570000000000022,RR Lyrae
18.773,0.5420033,0.653,0.597999999999999,RR Lyrae
18.917,0.5805785,0.534,0.5509999999999984,RR Lyrae
18.104,0.518423,0.421,0.7119999999999997,RR Lyrae
17.495,0.4800696,0.229,0.8089999999999975,RR Lyrae
19.037,0.5068714,0.59,0.6129999999999995,RR Lyrae
18.799,0.6127466,0.718,0.6419999999999995,RR Lyrae
18.99,0.5112485,0.667,0.5970000000000013,RR Lyrae
19.018,0.582986,0.452,0.782,RR Lyrae
18.693,0.6111435,0.427,0.5879999999999974,RR Lyrae
19.405,0.5458631,0.649,0.9949999999999974,RR Lyrae
18.824,0.5839621,0.584,0.5739999999999981,RR Lyrae
18.763,0.5932831,0.541,0.4519999999999982,RR Lyrae
18.872,0.4887084,0.845,0.5130000000000017,RR Lyrae
18.661,0.5996724,0.413,0.6219999999999999,RR Lyrae
18.617,0.6566262,0.36,0.5999999999999979,RR Lyrae
18.961,0.5469171,0.667,0.5840000000000032,RR Lyrae
18.784,0.6360477,0.337,0.684000000000001,RR Lyrae
18.887,0.5448089,0.616,0.5019999999999989,RR Lyrae
18.814,0.4788447,0.427,0.7950000000000017,RR Lyrae
18.862,0.6395156,0.31,0.7240000000000002,RR Lyrae
18.79,0.5651038,0.643,0.6030000000000015,RR Lyrae
18.859,0.5873425,0.531,0.5969999999999978,RR Lyrae
19.032,0.7147165,0.161,0.7839999999999989,RR Lyrae
18.833,0.6479733,0.203,0.6170000000000009,RR Lyrae
18.622,0.6237097,0.467,0.5579999999999998,RR Lyrae
18.78,0.5475504,0.679,0.509999999999998,RR Lyrae
18.643,0.6030041,0.557,0.5530000000000008,RR Lyrae
18.766,0.5836001,0.547,0.5510000000000019,RR Lyrae
19.04,0.5812972,0.411,0.7750000000000021,RR Lyrae
19.495,0.4997466,0.791,0.7880000000000003,RR Lyrae
18.785,0.5875654,0.596,0.6000000000000014,RR Lyrae
18.815,0.602875,0.485,0.5629999999999988,RR Lyrae
18.866,0.5332376,0.52,0.6780000000000008,RR Lyrae
18.665,0.5801163,0.589,0.5770000000000017,RR Lyrae
18.549,0.7532456,0.177,0.7330000000000005,RR Lyrae
18.949,0.5522135,0.455,0.690999999999999,RR Lyrae
19.291,0.4981038,0.55,0.782,RR Lyrae
18.842,0.5284808,0.387,0.5670000000000002,RR Lyrae
18.839,0.6758199,0.274,0.6700000000000017,RR Lyrae
19.035,0.4676267,0.828,0.5219999999999985,RR Lyrae
18.907,0.4253052,0.598,0.5180000000000007,RR Lyrae
18.815,0.5343542,0.762,0.5,RR Lyrae
18.874,0.4872246,0.845,0.4280000000000008,RR Lyrae
18.553,0.6860071,0.567,0.5329999999999977,RR Lyrae
18.714,0.6521289,0.226,0.6930000000000014,RR Lyrae
18.927,0.6092674,0.326,0.7459999999999987,RR Lyrae
18.914,0.5317385,0.857,0.5,RR Lyrae
18.819,0.531767,0.604,0.5630000000000024,RR Lyrae
18.856,0.5594193,0.607,0.5949999999999989,RR Lyrae
18.758,0.5965886,0.474,0.6350000000000016,RR Lyrae
18.574,0.6574365,0.691,0.5239999999999974,RR Lyrae
19.01,0.5959682,0.712,0.7609999999999992,RR Lyrae
18.81,0.6063691,0.47,0.6240000000000023,RR Lyrae
18.702,0.6179273,0.387,0.6549999999999976,RR Lyrae
18.602,0.6256,0.44,0.23900000000000077,RR Lyrae
19.361,0.5310676,0.575,0.7399999999999984,RR Lyrae
18.612,0.719571,0.613,0.6720000000000006,RR Lyrae
18.678,0.6249498,0.322,0.6219999999999999,RR Lyrae
19.0,0.6610489,0.505,0.7779999999999987,RR Lyrae
18.45,0.5690582,0.491,0.5,RR Lyrae
18.841,0.5297987,0.717,0.5199999999999996,RR Lyrae
18.733,0.5364184,0.702,0.5169999999999995,RR Lyrae
19.332,0.4669341,0.899,0.6899999999999977,RR Lyrae
18.931,0.4876232,0.889,0.5689999999999991,RR Lyrae
18.718,0.7276839,0.231,0.7349999999999994,RR Lyrae
18.541,0.7694564,0.391,0.7680000000000007,RR Lyrae
19.231,0.4729444,0.883,0.5969999999999978,RR Lyrae
18.75,0.5214887,0.339,0.5779999999999994,RR Lyrae
18.725,0.5223851,0.719,0.5009999999999977,RR Lyrae
19.273,0.3772754,0.902,0.44200000000000017,RR Lyrae
19.127,0.5037076,0.803,0.6660000000000004,RR Lyrae
18.838,0.507239,0.496,0.477999999999998,RR Lyrae
18.584,0.591339,0.439,0.5760000000000005,RR Lyrae
17.524,0.7411769,0.133,0.7530000000000001,RR Lyrae
17.095,0.4872758,0.053,-0.055999999999997385,RR Lyrae
19.147,0.6046161,0.408,0.8910000000000018,RR Lyrae
18.457,0.7431309,0.243,0.6310000000000002,RR Lyrae
18.637,0.6101103,0.346,0.6230000000000011,RR Lyrae
18.772,0.5803549,0.453,0.6380000000000017,RR Lyrae
18.628,0.4995131,0.531,0.5309999999999988,RR Lyrae
18.736,0.5583261,0.602,0.5809999999999995,RR Lyrae
18.65,0.6661522,0.255,0.6130000000000031,RR Lyrae
19.415,0.5211622,0.74,0.7530000000000001,RR Lyrae
18.842,0.6102291,0.453,0.6930000000000014,RR Lyrae
18.693,0.5601194,0.549,0.575999999999997,RR Lyrae
18.76,0.5773251,0.644,0.5129999999999981,RR Lyrae
18.776,0.5734618,0.559,0.6280000000000001,RR Lyrae
18.998,0.6548685,0.417,0.7940000000000005,RR Lyrae
19.525,0.5031502,0.747,0.7800000000000011,RR Lyrae
19.038,0.6046544,0.44,0.7319999999999993,RR Lyrae
18.689,0.6025293,0.611,0.6320000000000014,RR Lyrae
18.908,0.463524,0.884,0.4740000000000002,RR Lyrae
19.05,0.4955997,0.742,0.661999999999999,RR Lyrae
18.572,0.6480076,0.681,0.5609999999999999,RR Lyrae
18.909,0.4754257,0.886,0.45700000000000074,RR Lyrae
18.691,0.5619466,0.561,0.5910000000000011,RR Lyrae
18.769,0.6458339,0.223,0.5820000000000007,RR Lyrae
19.118,0.5114138,0.472,0.6490000000000009,RR Lyrae
18.569,0.582675,0.623,0.5160000000000018,RR Lyrae
18.581,0.6778531,0.558,0.6080000000000005,RR Lyrae
18.955,0.5464273,0.634,0.5940000000000012,RR Lyrae
18.829,0.5330231,0.62,0.6129999999999995,RR Lyrae
18.659,0.6287945,0.279,0.5350000000000001,RR Lyrae
18.593,0.6132289,0.407,0.8270000000000017,RR Lyrae
19.899,0.5070824,0.454,1.163999999999998,RR Lyrae
18.766,0.5761937,0.285,0.7050000000000018,RR Lyrae
19.361,0.6964448,0.387,1.073999999999998,RR Lyrae
18.991,0.5097362,0.587,0.6359999999999992,RR Lyrae
19.196,0.5198469,0.357,0.6609999999999978,RR Lyrae
18.978,0.4745783,0.904,0.5159999999999982,RR Lyrae
18.778,0.5795226,0.593,0.5150000000000006,RR Lyrae
18.698,0.5506741,0.534,0.5999999999999979,RR Lyrae
18.83,0.5245818,0.726,0.559000000000001,RR Lyrae
18.839,0.6106676,0.389,0.6810000000000009,RR Lyrae
18.655,0.5536242,0.635,0.5449999999999982,RR Lyrae
18.782,0.5803373,0.536,0.5569999999999986,RR Lyrae
18.976,0.6073183,0.631,0.7740000000000009,RR Lyrae
18.692,0.6361021,0.58,0.6050000000000004,RR Lyrae
18.904,0.5511978,0.539,0.6159999999999997,RR Lyrae
18.661,0.7277655,0.239,0.7259999999999991,RR Lyrae
18.643,0.6268974,0.295,0.6529999999999987,RR Lyrae
18.736,0.6119539,0.585,0.6209999999999987,RR Lyrae
18.567,0.6899194,0.269,0.6020000000000003,RR Lyrae
18.857,0.492357,0.629,0.49900000000000233,RR Lyrae
18.721,0.564849,0.5,0.5620000000000012,RR Lyrae
18.691,0.5561514,0.429,0.5450000000000017,RR Lyrae
18.752,0.5185802,0.359,0.5510000000000019,RR Lyrae
18.837,0.6792738,0.519,0.6529999999999987,RR Lyrae
18.901,0.5336704,0.563,0.6440000000000019,RR Lyrae
18.7,0.5171048,0.749,0.5670000000000002,RR Lyrae
18.781,0.6284964,0.357,0.7020000000000017,RR Lyrae
18.455,0.855037,0.215,0.674000000000003,RR Lyrae
18.872,0.5422764,0.716,0.5560000000000009,RR Lyrae
18.711,0.5681371,0.578,0.5750000000000028,RR Lyrae
19.474,0.5843867,0.313,0.8969999999999985,RR Lyrae
18.776,0.6090311,0.437,0.6859999999999999,RR Lyrae
18.836,0.5497573,0.635,0.5390000000000015,RR Lyrae
18.545,0.6485016,0.185,0.6069999999999993,RR Lyrae
17.567,0.6977026,0.177,0.9179999999999993,RR Lyrae
18.688,0.5631643,0.785,0.5370000000000026,RR Lyrae
18.743,0.5462209,0.776,0.5380000000000003,RR Lyrae
19.042,0.4009905,0.603,0.5399999999999991,RR Lyrae
18.792,0.5761539,0.452,0.607999999999997,RR Lyrae
18.979,0.4905383,0.796,0.5600000000000023,RR Lyrae
18.568,0.6409303,0.183,0.6119999999999983,RR Lyrae
18.67,0.5829257,0.652,0.5549999999999997,RR Lyrae
19.542,0.5042085,0.856,0.7850000000000001,RR Lyrae
18.708,0.6285814,0.283,0.6110000000000007,RR Lyrae
18.888,0.6437598,0.45,0.7639999999999993,RR Lyrae
18.76,0.5886509,0.638,0.6119999999999983,RR Lyrae
18.694,0.5521716,0.695,0.5100000000000016,RR Lyrae
18.723,0.5786412,0.527,0.5370000000000026,RR Lyrae
18.695,0.5810447,0.457,0.5779999999999994,RR Lyrae
18.668,0.6207675,0.358,0.6000000000000014,RR Lyrae
19.161,0.6349721,0.239,0.6139999999999972,RR Lyrae
18.99,0.4443814,0.57,0.5800000000000018,RR Lyrae
18.759,0.5522684,0.789,0.5650000000000013,RR Lyrae
18.694,0.574848,0.763,0.5330000000000013,RR Lyrae
18.892,0.5502318,0.745,0.5940000000000012,RR Lyrae
19.098,0.5454277,0.408,0.679000000000002,RR Lyrae
18.732,0.5931423,0.422,0.6230000000000011,RR Lyrae
19.127,0.6385882,0.194,0.7409999999999997,RR Lyrae
18.821,0.4786654,0.869,0.5229999999999997,RR Lyrae
18.813,0.6215661,0.4,0.7370000000000019,RR Lyrae
18.814,0.5360886,0.561,0.5779999999999994,RR Lyrae
18.711,0.351155,0.215,0.45600000000000307,RR Lyrae
18.737,0.6301982,0.25,0.5710000000000015,RR Lyrae
18.806,0.5698314,0.656,0.6359999999999992,RR Lyrae
18.597,0.5931304,0.393,0.6890000000000001,RR Lyrae
18.772,0.54062,0.64,0.532,RR Lyrae
19.135,0.4673309,0.394,0.6229999999999976,RR Lyrae
19.885,0.4365041,0.708,0.9559999999999995,RR Lyrae
19.132,0.4712506,0.568,0.6049999999999969,RR Lyrae
18.818,0.5019555,0.698,0.5069999999999979,RR Lyrae
18.535,0.5820586,0.288,0.5289999999999999,RR Lyrae
18.563,0.6208135,0.311,0.5190000000000019,RR Lyrae
18.859,0.5004562,0.754,0.5819999999999972,RR Lyrae
18.894,0.5336351,0.499,0.5140000000000029,RR Lyrae
19.103,0.534348,0.652,0.6899999999999977,RR Lyrae
18.941,0.5999368,0.393,0.7050000000000018,RR Lyrae
18.843,0.5299893,0.525,0.6630000000000003,RR Lyrae
18.846,0.5952673,0.514,0.6000000000000014,RR Lyrae
17.865,0.4788693,0.317,0.6960000000000015,RR Lyrae
18.816,0.5869257,0.509,0.5660000000000025,RR Lyrae
18.859,0.6022831,0.302,0.6049999999999969,RR Lyrae
18.835,0.4958972,0.782,0.5199999999999996,RR Lyrae
18.613,0.6549122,0.32,0.7140000000000022,RR Lyrae
18.826,0.5211678,0.829,0.4579999999999984,RR Lyrae
18.841,0.5675579,0.535,0.6609999999999978,RR Lyrae
18.74,0.7101567,0.326,0.647000000000002,RR Lyrae
19.137,0.4724856,0.732,0.5549999999999997,RR Lyrae
18.771,0.5248116,0.779,0.49799999999999756,RR Lyrae
18.583,0.7191296,0.612,0.6500000000000021,RR Lyrae
19.413,0.2782578,0.487,0.7109999999999985,RR Lyrae
19.231,0.3998853,0.917,0.49799999999999756,RR Lyrae
18.662,0.5306521,0.814,0.4969999999999999,RR Lyrae
18.857,0.5015352,0.817,0.5530000000000008,RR Lyrae
19.029,0.4273034,0.468,0.6340000000000003,RR Lyrae
18.78,0.558045,0.701,0.5939999999999976,RR Lyrae
18.745,0.5807291,0.562,0.6159999999999997,RR Lyrae
18.799,0.5443258,0.735,0.30700000000000216,RR Lyrae
18.705,0.5926271,0.742,0.559000000000001,RR Lyrae
18.381,0.6160105,0.247,0.6059999999999981,RR Lyrae
18.842,0.6381518,0.302,0.718,RR Lyrae
18.785,0.5491502,0.678,0.559000000000001,RR Lyrae
18.778,0.4935554,0.547,0.47900000000000276,RR Lyrae
19.003,0.6216661,0.319,0.7880000000000003,RR Lyrae
18.579,0.6321025,0.669,0.5700000000000003,RR Lyrae
19.027,0.5965654,0.496,0.7289999999999992,RR Lyrae
18.723,0.4664895,0.689,0.9209999999999994,RR Lyrae
18.767,0.6005642,0.422,0.6020000000000003,RR Lyrae
18.738,0.5922623,0.496,0.5440000000000005,RR Lyrae
18.736,0.6112558,0.652,0.5649999999999977,RR Lyrae
18.747,0.5949484,0.638,0.5300000000000011,RR Lyrae
18.933,0.5762383,0.454,0.6890000000000001,RR Lyrae
19.117,0.430698,0.589,0.4920000000000009,RR Lyrae
18.768,0.5141515,0.767,0.5640000000000001,RR Lyrae
18.449,0.9039895,0.118,0.6729999999999983,RR Lyrae
18.349,0.6472788,0.197,0.6750000000000007,RR Lyrae
18.782,0.519179,0.713,0.5479999999999983,RR Lyrae
18.845,0.5254007,0.469,0.38700000000000045,RR Lyrae
18.683,0.6350888,0.424,0.6329999999999991,RR Lyrae
18.827,0.580145,0.364,0.5359999999999978,RR Lyrae
18.645,0.6296028,0.315,0.6640000000000015,RR Lyrae
18.973,0.5999476,0.435,0.6960000000000015,RR Lyrae
18.638,0.6579937,0.506,0.5859999999999985,RR Lyrae
19.154,0.4747013,0.598,0.8969999999999985,RR Lyrae
18.707,0.62109,0.657,0.6549999999999976,RR Lyrae
18.764,0.5123745,0.55,0.5710000000000015,RR Lyrae
18.758,0.5882244,0.543,0.5809999999999995,RR Lyrae
18.864,0.6094692,0.414,0.6280000000000001,RR Lyrae
18.771,0.7005378,0.365,0.6479999999999997,RR Lyrae
18.07,0.6112079,0.313,0.8369999999999997,RR Lyrae
18.928,0.5141029,0.755,0.48300000000000054,RR Lyrae
18.888,0.570361,0.546,0.5699999999999967,RR Lyrae
18.707,0.508099,0.833,0.40700000000000003,RR Lyrae
18.741,0.6101107,0.392,0.6280000000000001,RR Lyrae
16.466,0.7240742,0.069,1.318999999999999,RR Lyrae
18.811,0.6485302,0.104,0.6720000000000006,RR Lyrae
18.637,0.5761222,0.422,0.5719999999999992,RR Lyrae
18.924,0.5149466,0.766,0.593,RR Lyrae
18.56,0.710123,0.169,0.6310000000000002,RR Lyrae
18.607,0.8272668,0.225,0.6930000000000014,RR Lyrae
18.83,0.6061306,0.361,0.684000000000001,RR Lyrae
19.29,0.4537422,0.811,0.7040000000000006,RR Lyrae
18.833,0.5567206,0.488,0.5850000000000009,RR Lyrae
18.878,0.4701695,0.785,0.4490000000000016,RR Lyrae
18.784,0.5402436,0.477,0.647000000000002,RR Lyrae
18.884,0.5256857,0.751,0.5859999999999985,RR Lyrae
18.715,0.6200016,0.386,0.5899999999999999,RR Lyrae
18.578,0.6542539,0.667,0.6060000000000016,RR Lyrae
18.756,0.6146986,0.385,0.6030000000000015,RR Lyrae
18.726,0.5814832,0.576,0.5609999999999999,RR Lyrae
19.009,0.4324185,0.966,0.4989999999999988,RR Lyrae
17.987,0.6480557,0.127,0.7380000000000031,RR Lyrae
18.637,0.6706775,0.471,0.657,RR Lyrae
19.21,0.3448393,0.537,0.23999999999999844,RR Lyrae
19.26,0.3776996,0.624,0.504999999999999,RR Lyrae
19.243,0.5524753,0.627,0.9740000000000002,RR Lyrae
18.846,0.4863277,0.301,0.6009999999999991,RR Lyrae
19.171,0.4519466,0.516,0.5530000000000008,RR Lyrae
18.933,0.5642123,0.572,0.6539999999999999,RR Lyrae
18.893,0.537318,0.705,0.6129999999999995,RR Lyrae
18.747,0.6422924,0.237,0.745000000000001,RR Lyrae
18.852,0.5932861,0.52,0.5150000000000006,RR Lyrae
18.705,0.6276193,0.576,0.5990000000000002,RR Lyrae
18.88,0.4761367,0.773,0.4640000000000022,RR Lyrae
18.702,0.6389741,0.42,0.5899999999999999,RR Lyrae
18.946,0.4887507,0.829,0.5109999999999992,RR Lyrae
18.561,0.6211134,0.446,0.5459999999999994,RR Lyrae
17.472,0.5763615,0.133,-0.4380000000000024,RR Lyrae
18.709,0.5781622,0.505,0.5710000000000015,RR Lyrae
18.77,0.6169281,0.445,0.4740000000000002,RR Lyrae
18.696,0.5525788,0.562,0.5449999999999982,RR Lyrae
18.98,0.6067004,0.379,0.7650000000000006,RR Lyrae
17.253,0.5783152,0.111,0.902000000000001,RR Lyrae
18.319,0.5112192,0.362,0.7810000000000024,RR Lyrae
18.972,0.4826035,0.41,0.5329999999999977,RR Lyrae
19.102,0.5876478,0.645,0.8039999999999985,RR Lyrae
18.724,0.5980584,0.676,0.6020000000000003,RR Lyrae
18.848,0.5416923,0.689,0.6000000000000014,RR Lyrae
18.865,0.5347017,0.679,0.625,RR Lyrae
18.637,0.6103611,0.656,0.593,RR Lyrae
18.387,0.565716,0.461,0.5159999999999982,RR Lyrae
18.986,0.4983975,0.82,0.5399999999999991,RR Lyrae
18.689,0.6146701,0.481,0.6039999999999992,RR Lyrae
18.798,0.5623879,0.564,0.6010000000000026,RR Lyrae
18.892,0.5096354,0.771,0.5600000000000023,RR Lyrae
18.551,0.8303091,0.438,0.6240000000000023,RR Lyrae
18.665,0.5946751,0.522,0.559000000000001,RR Lyrae
18.823,0.5178038,0.835,0.509999999999998,RR Lyrae
18.833,0.5937473,0.539,0.6270000000000024,RR Lyrae
19.187,0.512465,0.597,0.7489999999999988,RR Lyrae
18.651,0.7603042,0.353,0.6230000000000011,RR Lyrae
19.032,0.5782806,0.569,0.6769999999999996,RR Lyrae
18.719,0.5979935,0.51,0.6099999999999994,RR Lyrae
18.784,0.7293989,0.308,0.7669999999999995,RR Lyrae
18.866,0.5134596,0.646,0.4510000000000005,RR Lyrae
18.78,0.6327308,0.166,0.6219999999999999,RR Lyrae
18.759,0.5377106,0.407,0.6419999999999995,RR Lyrae
18.774,0.5759916,0.849,0.5239999999999974,RR Lyrae
18.59,0.58872,0.28,0.3150000000000013,RR Lyrae
19.283,0.5180463,0.523,0.7339999999999982,RR Lyrae
18.758,0.5895671,0.706,0.5380000000000003,RR Lyrae
18.737,0.5894472,0.536,0.6240000000000023,RR Lyrae
18.883,0.6017677,0.359,0.6799999999999997,RR Lyrae
19.576,0.4888601,0.508,1.1020000000000003,RR Lyrae
18.898,0.5599219,0.63,0.629999999999999,RR Lyrae
19.005,0.5409811,0.336,0.6850000000000023,RR Lyrae
18.709,0.6382447,0.255,0.652000000000001,RR Lyrae
18.718,0.5139628,0.778,0.49299999999999855,RR Lyrae
18.75,0.5956681,0.477,0.6209999999999987,RR Lyrae
18.816,0.571101,0.69,0.46000000000000085,RR Lyrae
19.138,0.5740538,0.366,0.8359999999999985,RR Lyrae
18.745,0.6284072,0.208,0.6409999999999982,RR Lyrae
18.687,0.5656674,0.586,0.5749999999999993,RR Lyrae
18.779,0.596265,0.565,0.8170000000000002,RR Lyrae
18.997,0.5318143,0.641,0.6580000000000013,RR Lyrae
18.705,0.4877443,0.427,0.34299999999999997,RR Lyrae
18.582,0.6124334,0.478,0.5229999999999997,RR Lyrae
19.121,0.4819008,0.521,0.6509999999999998,RR Lyrae
18.716,0.6334203,0.216,0.5189999999999984,RR Lyrae
19.386,0.5903232,0.488,0.7660000000000018,RR Lyrae
19.348,0.5241753,0.671,0.8150000000000013,RR Lyrae
18.742,0.5445516,0.594,0.5249999999999986,RR Lyrae
19.268,0.373043,0.904,0.4579999999999984,RR Lyrae
18.751,0.5728878,0.65,0.5249999999999986,RR Lyrae
18.83,0.5458381,0.686,0.5260000000000034,RR Lyrae
18.946,0.6146921,0.353,0.6449999999999996,RR Lyrae
18.944,0.5342321,0.746,0.5980000000000025,RR Lyrae
18.7,0.5876269,0.517,0.597999999999999,RR Lyrae
18.827,0.5566882,0.556,0.5789999999999971,RR Lyrae
18.788,0.5783185,0.553,0.5629999999999988,RR Lyrae
19.184,0.4377981,0.687,0.5399999999999991,RR Lyrae
19.001,0.484835,0.532,0.546999999999997,RR Lyrae
18.88,0.6895155,0.198,0.7200000000000024,RR Lyrae
19.09,0.4868133,0.903,0.5760000000000005,RR Lyrae
18.629,0.5712971,0.416,0.825999999999997,RR Lyrae
18.636,0.5876419,0.693,0.4930000000000021,RR Lyrae
19.374,0.583003,0.501,0.9770000000000003,RR Lyrae
18.866,0.533591,0.549,0.5779999999999994,RR Lyrae
19.008,0.5235669,0.653,0.657,RR Lyrae
18.67,0.5710645,0.708,0.5499999999999972,RR Lyrae
18.811,0.5459037,0.504,0.5109999999999992,RR Lyrae
18.854,0.5053763,0.828,0.652000000000001,RR Lyrae
18.807,0.6260919,0.338,0.6850000000000023,RR Lyrae
18.772,0.5878084,0.486,0.5890000000000022,RR Lyrae
18.155,0.6095868,0.307,0.6439999999999984,RR Lyrae
18.952,0.5658511,0.452,0.7439999999999998,RR Lyrae
18.629,0.6493762,0.17,0.6259999999999977,RR Lyrae
18.623,0.6901269,0.432,0.6729999999999983,RR Lyrae
19.219,0.4675136,0.568,0.6449999999999996,RR Lyrae
19.023,0.4869405,0.701,0.5450000000000017,RR Lyrae
18.855,0.4778425,0.765,0.5440000000000005,RR Lyrae
18.803,0.5896347,0.413,0.536999999999999,RR Lyrae
18.383,0.7096353,0.426,0.5489999999999995,RR Lyrae
18.704,0.6723374,0.353,0.6539999999999999,RR Lyrae
19.435,0.613576,0.379,0.9879999999999995,RR Lyrae
18.78,0.5241375,0.541,0.570999999999998,RR Lyrae
18.86,0.4843289,0.619,0.4499999999999993,RR Lyrae
18.954,0.5257584,0.379,0.5649999999999977,RR Lyrae
18.879,0.5135972,0.495,0.42199999999999704,RR Lyrae
18.67,0.6203414,0.658,0.5429999999999993,RR Lyrae
18.907,0.6526853,0.186,0.7409999999999997,RR Lyrae
18.68,0.6578412,0.641,0.5510000000000019,RR Lyrae
18.796,0.5472725,0.744,0.5459999999999994,RR Lyrae
18.643,0.6284123,0.665,0.5539999999999985,RR Lyrae
18.307,0.771271,0.232,0.2469999999999999,RR Lyrae
19.179,0.6497416,0.179,0.9210000000000029,RR Lyrae
18.933,0.4834238,0.801,0.5169999999999995,RR Lyrae
18.777,0.6395169,0.47,0.7650000000000006,RR Lyrae
18.795,0.5581251,0.786,0.6069999999999993,RR Lyrae
18.289,0.3758182,0.25,0.07000000000000028,RR Lyrae
19.111,0.4628214,0.74,0.532,RR Lyrae
18.83,0.5547616,0.582,0.5200000000000031,RR Lyrae
19.016,0.5455866,0.56,0.5550000000000033,RR Lyrae
18.912,0.6306623,0.237,0.7330000000000005,RR Lyrae
19.242,0.4697726,0.701,0.6149999999999984,RR Lyrae
18.897,0.6236587,0.576,0.679000000000002,RR Lyrae
18.411,0.6213343,0.636,0.5609999999999999,RR Lyrae
18.733,0.4794283,0.576,0.5640000000000001,RR Lyrae
19.064,0.5833422,0.562,0.6280000000000001,RR Lyrae
18.086,0.6700779,0.137,0.8109999999999999,RR Lyrae
18.922,0.592794,0.427,0.7049999999999983,RR Lyrae
19.036,0.5486076,0.572,0.6129999999999995,RR Lyrae
18.808,0.6934474,0.376,0.6580000000000013,RR Lyrae
18.821,0.52529,0.692,0.4839999999999982,RR Lyrae
18.612,0.5761536,0.546,0.5360000000000014,RR Lyrae
17.916,0.6049147,0.167,0.8719999999999999,RR Lyrae
18.368,0.6812468,0.625,0.46499999999999986,RR Lyrae
19.28,0.6494316,0.683,0.4209999999999994,RR Lyrae
18.812,0.6538499,0.479,0.6729999999999983,RR Lyrae
18.935,0.4880692,0.831,0.5510000000000019,RR Lyrae
18.924,0.4890081,0.62,0.527000000000001,RR Lyrae
18.842,0.5137748,0.688,0.5020000000000024,RR Lyrae
19.161,0.458716,0.791,0.7109999999999985,RR Lyrae
18.643,0.5652382,0.749,0.5479999999999983,RR Lyrae
18.9,0.5328074,0.76,0.5570000000000022,RR Lyrae
18.685,0.5762664,0.512,0.5869999999999997,RR Lyrae
18.801,0.5718277,0.415,0.6090000000000018,RR Lyrae
19.044,0.5126314,0.771,0.634999999999998,RR Lyrae
18.991,0.4956284,0.822,0.6000000000000014,RR Lyrae
19.211,0.4869645,0.585,0.6120000000000019,RR Lyrae
18.543,0.7410842,0.129,0.8490000000000002,RR Lyrae
18.654,0.6129685,0.492,0.620000000000001,RR Lyrae
18.573,0.616581,0.687,0.536999999999999,RR Lyrae
18.953,0.611643,0.453,0.7490000000000023,RR Lyrae
18.65,0.5770432,0.62,0.527000000000001,RR Lyrae
18.815,0.5323167,0.524,0.602999999999998,RR Lyrae
18.877,0.5104972,0.707,0.4740000000000002,RR Lyrae
18.835,0.5464546,0.731,0.565999999999999,RR Lyrae
18.699,0.6271524,0.376,0.6099999999999994,RR Lyrae
18.7,0.479028,0.692,0.6189999999999998,RR Lyrae
18.724,0.6426289,0.349,0.5799999999999983,RR Lyrae
18.655,0.5318709,0.581,0.5489999999999995,RR Lyrae
19.044,0.5685079,0.753,0.6879999999999988,RR Lyrae
18.715,0.5997462,0.765,0.5259999999999998,RR Lyrae
18.8,0.5810589,0.658,0.565999999999999,RR Lyrae
18.879,0.5134965,0.284,0.4259999999999984,RR Lyrae
18.737,0.6210656,0.265,0.7100000000000009,RR Lyrae
18.976,0.4915977,0.73,0.5090000000000003,RR Lyrae
18.991,0.5576897,0.562,0.6340000000000003,RR Lyrae
18.869,0.5807074,0.593,0.6329999999999991,RR Lyrae
19.367,0.5495893,0.515,0.820999999999998,RR Lyrae
18.944,0.6019774,0.628,0.6539999999999999,RR Lyrae
18.666,0.5867591,0.686,0.5249999999999986,RR Lyrae
18.85,0.7017877,0.401,0.6609999999999978,RR Lyrae
18.771,0.6492589,0.155,0.6209999999999987,RR Lyrae
18.695,0.6328661,0.495,0.5479999999999983,RR Lyrae
18.986,0.5745335,0.559,0.5799999999999983,RR Lyrae
18.758,0.670626,0.387,0.6720000000000006,RR Lyrae
18.936,0.6438566,0.217,0.6879999999999988,RR Lyrae
18.762,0.6217754,0.451,0.5790000000000006,RR Lyrae
18.609,0.5738843,0.681,0.39099999999999824,RR Lyrae
19.035,0.5661338,0.498,0.7659999999999982,RR Lyrae
18.704,0.5121733,0.2,0.46199999999999974,RR Lyrae
18.948,0.6324941,0.25,0.8120000000000012,RR Lyrae
18.776,0.5970954,0.442,0.6179999999999986,RR Lyrae
18.806,0.5673758,0.478,0.5509999999999984,RR Lyrae
19.041,0.6748429,0.305,0.7929999999999993,RR Lyrae
18.931,0.4846174,0.866,0.4759999999999991,RR Lyrae
18.7,0.699873,0.506,0.6359999999999992,RR Lyrae
18.595,0.5224679,0.752,0.42900000000000205,RR Lyrae
18.639,0.6098789,0.327,0.6350000000000016,RR Lyrae
18.966,0.5764751,0.668,0.6509999999999998,RR Lyrae
18.973,0.5786913,0.537,0.5440000000000005,RR Lyrae
18.837,0.664314,0.429,0.6950000000000003,RR Lyrae
19.363,0.5126869,0.641,0.7620000000000005,RR Lyrae
18.838,0.5408449,0.684,0.5150000000000006,RR Lyrae
18.884,0.5402641,0.6,0.6550000000000011,RR Lyrae
18.794,0.526581,0.707,0.4400000000000013,RR Lyrae
18.721,0.6008641,0.419,0.6479999999999997,RR Lyrae
18.784,0.5698494,0.601,0.5660000000000025,RR Lyrae
18.761,0.5329107,0.589,0.5120000000000005,RR Lyrae
18.767,0.553547,0.662,0.5719999999999992,RR Lyrae
18.755,0.5583732,0.727,0.5380000000000003,RR Lyrae
18.695,0.6154566,0.47,0.5609999999999999,RR Lyrae
18.724,0.5865696,0.486,0.5120000000000005,RR Lyrae
18.874,0.469794,0.838,0.4430000000000014,RR Lyrae
18.972,0.528385,0.569,0.7159999999999975,RR Lyrae
18.934,0.5102051,0.623,0.6370000000000005,RR Lyrae
18.774,0.6099519,0.34,0.6129999999999995,RR Lyrae
18.718,0.6014522,0.831,0.5700000000000003,RR Lyrae
18.799,0.6474953,0.555,0.6539999999999999,RR Lyrae
18.729,0.5132468,0.862,0.5259999999999998,RR Lyrae
18.798,0.6306195,0.447,0.652000000000001,RR Lyrae
19.21,0.5354073,0.591,0.8290000000000006,RR Lyrae
19.357,0.5324431,0.348,0.6560000000000024,RR Lyrae
18.947,0.6541894,0.38,0.7560000000000002,RR Lyrae
18.338,0.6829736,0.636,0.5169999999999995,RR Lyrae
18.893,0.5338823,0.611,0.7079999999999984,RR Lyrae
18.867,0.552958,0.611,0.5899999999999999,RR Lyrae
18.887,0.4730567,0.844,0.41600000000000037,RR Lyrae
18.616,0.5226751,0.771,0.5090000000000003,RR Lyrae
19.224,0.5070657,0.611,0.8109999999999999,RR Lyrae
18.722,0.6223949,0.367,0.6050000000000004,RR Lyrae
18.878,0.6618242,0.475,0.8490000000000002,RR Lyrae
16.342,0.5021203,0.805,0.5489999999999995,RR Lyrae
18.649,0.5908291,0.473,0.6080000000000005,RR Lyrae
17.792,0.6847463,0.128,0.9049999999999976,RR Lyrae
18.702,0.6468017,0.312,0.6629999999999967,RR Lyrae
18.862,0.5595981,0.588,0.6040000000000028,RR Lyrae
18.875,0.5298254,0.673,0.7149999999999999,RR Lyrae
18.862,0.5047028,0.605,0.5410000000000004,RR Lyrae
18.938,0.4780711,0.995,0.4170000000000016,RR Lyrae
18.86,0.6057706,0.416,0.6730000000000018,RR Lyrae
16.825,0.6415507,0.661,0.5450000000000017,RR Lyrae
19.02,0.5389421,0.735,0.6320000000000014,RR Lyrae
17.657,0.6263516,0.147,0.26699999999999946,RR Lyrae
19.077,0.5437702,0.663,0.5689999999999991,RR Lyrae
19.035,0.602794,0.355,0.8539999999999992,RR Lyrae
18.735,0.5652261,0.466,0.5770000000000017,RR Lyrae
19.082,0.7308073,0.307,0.884999999999998,RR Lyrae
18.818,0.5986001,0.462,0.6239999999999988,RR Lyrae
18.744,0.5560559,0.44,0.565999999999999,RR Lyrae
18.689,0.6076155,0.386,0.6159999999999997,RR Lyrae
18.8,0.5243833,0.75,0.541999999999998,RR Lyrae
18.858,0.5163109,0.785,0.4660000000000011,RR Lyrae
16.798,0.554881,0.106,0.43100000000000094,RR Lyrae
18.769,0.6214431,0.431,0.6720000000000006,RR Lyrae
18.835,0.5544642,0.575,0.6199999999999974,RR Lyrae
18.389,0.6580008,0.654,0.35800000000000054,RR Lyrae
17.905,0.6416205,0.194,0.9299999999999997,RR Lyrae
18.784,0.6470149,0.181,0.6700000000000017,RR Lyrae
18.813,0.4637507,0.409,0.48799999999999955,RR Lyrae
18.784,0.5496537,0.393,0.5470000000000006,RR Lyrae
18.69,0.5459979,0.423,0.5809999999999995,RR Lyrae
18.899,0.6569603,0.128,0.7560000000000002,RR Lyrae
18.988,0.6661252,0.63,0.8079999999999998,RR Lyrae
18.733,0.703616,0.506,1.1389999999999993,RR Lyrae
18.884,0.5130637,0.566,0.5970000000000013,RR Lyrae
18.81,0.5551811,0.536,0.5980000000000025,RR Lyrae
18.709,0.5387489,0.787,0.33800000000000097,RR Lyrae
18.995,0.5967116,0.479,0.6499999999999986,RR Lyrae
18.644,0.5475869,0.658,0.5620000000000012,RR Lyrae
18.748,0.6262452,0.464,0.6310000000000002,RR Lyrae
18.556,0.578492,0.309,0.5879999999999974,RR Lyrae
18.75,0.5298508,0.546,0.5620000000000012,RR Lyrae
18.861,0.5418241,0.571,0.5839999999999996,RR Lyrae
18.633,0.6229873,0.44,0.4460000000000015,RR Lyrae
18.899,0.4678891,0.597,0.5219999999999985,RR Lyrae
18.836,0.6442577,0.272,0.7410000000000032,RR Lyrae
18.654,0.5952618,0.539,0.6080000000000005,RR Lyrae
18.888,0.5545564,0.545,0.6219999999999999,RR Lyrae
18.801,0.5513834,0.661,0.365000000000002,RR Lyrae
18.531,0.4972476,0.333,0.24900000000000233,RR Lyrae
18.539,0.484535,0.704,0.08199999999999719,RR Lyrae
19.208,0.5833669,0.163,0.8610000000000007,RR Lyrae
18.783,0.5647227,0.622,0.5269999999999975,RR Lyrae
18.421,0.6157692,0.386,0.6080000000000005,RR Lyrae
17.753,0.5868741,0.179,0.8039999999999985,RR Lyrae
18.873,0.6018497,0.424,0.6329999999999991,RR Lyrae
18.995,0.5488824,0.153,0.6769999999999996,RR Lyrae
18.649,0.5579856,0.795,0.5229999999999997,RR Lyrae
18.554,0.6201086,0.356,0.615000000000002,RR Lyrae
18.748,0.5704341,0.734,0.5529999999999973,RR Lyrae
18.373,0.5919061,0.271,0.26799999999999713,RR Lyrae
18.831,0.5805696,0.354,0.5800000000000018,RR Lyrae
18.663,0.5320738,0.77,0.45700000000000074,RR Lyrae
18.767,0.586313,0.546,0.5790000000000006,RR Lyrae
18.93,0.5805199,0.435,0.6310000000000002,RR Lyrae
18.99,0.5049508,0.632,0.5280000000000022,RR Lyrae
18.723,0.5773549,0.205,0.6490000000000009,RR Lyrae
18.679,0.4663332,0.547,0.5010000000000012,RR Lyrae
18.587,0.6353971,0.718,0.5470000000000006,RR Lyrae
19.12,0.4682345,0.843,0.5129999999999981,RR Lyrae
18.55,0.6408926,0.223,0.6140000000000008,RR Lyrae
18.93,0.5673255,0.576,0.5519999999999996,RR Lyrae
19.143,0.4264421,0.39,0.532,RR Lyrae
18.593,0.5908282,0.385,0.5899999999999999,RR Lyrae
18.748,0.6392089,0.312,0.6829999999999998,RR Lyrae
19.057,0.5137778,0.677,0.620000000000001,RR Lyrae
18.988,0.5288974,0.356,0.7059999999999995,RR Lyrae
18.989,0.5541099,0.604,0.7330000000000005,RR Lyrae
18.805,0.5297997,0.679,0.583000000000002,RR Lyrae
18.768,0.575436,0.512,0.7439999999999998,RR Lyrae
18.73,0.5605786,0.476,0.6039999999999992,RR Lyrae
18.729,0.5423413,0.43,0.6189999999999998,RR Lyrae
18.885,0.5719281,0.59,0.6139999999999972,RR Lyrae
18.554,0.5453098,0.546,0.14500000000000313,RR Lyrae
15.836,0.5591419,0.55,0.6029999999999998,RR Lyrae
18.779,0.6671685,0.5,0.6920000000000002,RR Lyrae
18.744,0.5840977,0.673,0.5459999999999994,RR Lyrae
18.837,0.621075,0.751,0.6090000000000018,RR Lyrae
18.825,0.4943796,0.802,0.5910000000000011,RR Lyrae
18.583,0.740616,0.192,0.6620000000000026,RR Lyrae
18.716,0.5441543,0.695,0.5589999999999975,RR Lyrae
18.857,0.6182903,0.395,0.7059999999999995,RR Lyrae
18.679,0.606147,0.805,0.3719999999999999,RR Lyrae
18.926,0.6489103,0.187,0.7950000000000017,RR Lyrae
18.945,0.6082899,0.441,0.6610000000000014,RR Lyrae
18.61,0.6063468,0.431,0.5869999999999997,RR Lyrae
18.751,0.6478084,0.23,0.6749999999999972,RR Lyrae
18.769,0.5170297,0.788,0.5920000000000023,RR Lyrae
18.726,0.5983833,0.47,0.6370000000000005,RR Lyrae
18.703,0.5632941,0.542,0.6030000000000015,RR Lyrae
18.851,0.5693393,0.35,0.5259999999999998,RR Lyrae
15.732,0.4783519,0.05,2.9520000000000017,RR Lyrae
19.186,0.6083821,0.367,0.8730000000000011,RR Lyrae
18.442,0.8214854,0.303,0.6550000000000011,RR Lyrae
19.124,0.6087946,0.435,0.7830000000000013,RR Lyrae
18.866,0.6457759,0.229,0.6709999999999994,RR Lyrae
18.83,0.638874,0.246,0.7100000000000009,RR Lyrae
18.084,0.4907506,0.338,0.6999999999999993,RR Lyrae
18.881,0.4960729,0.824,0.5199999999999996,RR Lyrae
18.885,0.6053294,0.461,0.6179999999999986,RR Lyrae
19.313,0.4757681,0.543,0.5420000000000016,RR Lyrae
18.778,0.5520189,0.574,0.49900000000000233,RR Lyrae
19.066,0.5013309,0.794,0.5700000000000003,RR Lyrae
18.744,0.571085,0.543,0.4989999999999988,RR Lyrae
18.784,0.6186148,0.3,0.5800000000000018,RR Lyrae
18.684,0.5723162,0.641,0.6229999999999976,RR Lyrae
13.425,0.5531271,0.768,0.48499999999999943,RR Lyrae
19.672,0.5204475,0.512,1.149000000000001,RR Lyrae
18.796,0.6201007,0.314,0.6930000000000014,RR Lyrae
19.056,0.5587508,0.94,0.21599999999999753,RR Lyrae
19.142,0.5807471,0.563,0.7250000000000014,RR Lyrae
19.283,0.5836645,0.245,0.843,RR Lyrae
18.877,0.5695499,0.543,0.6020000000000003,RR Lyrae
18.862,0.5524165,0.446,0.38200000000000145,RR Lyrae
18.941,0.5658239,0.585,0.6120000000000019,RR Lyrae
18.873,0.5514325,0.75,0.634999999999998,RR Lyrae
18.932,0.5483627,0.65,0.6700000000000017,RR Lyrae
18.699,0.6327688,0.324,0.5989999999999966,RR Lyrae
18.796,0.5488606,0.574,0.5250000000000021,RR Lyrae
18.756,0.6507575,0.204,0.593,RR Lyrae
18.93,0.5113889,0.644,0.6000000000000014,RR Lyrae
18.782,0.6255698,0.361,0.6329999999999991,RR Lyrae
18.897,0.4763396,0.583,0.5100000000000016,RR Lyrae
18.951,0.4722326,0.512,0.5350000000000001,RR Lyrae
18.705,0.6248557,0.377,0.7160000000000011,RR Lyrae
19.014,0.4749915,0.869,0.5360000000000014,RR Lyrae
18.698,0.5631147,0.636,0.5730000000000004,RR Lyrae
18.782,0.6037917,0.42,0.6350000000000016,RR Lyrae
18.924,0.6766779,0.263,0.40500000000000114,RR Lyrae
18.887,0.514802,0.843,0.527000000000001,RR Lyrae
18.68,0.7684793,0.229,0.8230000000000004,RR Lyrae
18.871,0.58905,0.486,0.7070000000000007,RR Lyrae
19.173,0.5027259,0.193,0.4640000000000022,RR Lyrae
18.851,0.657308,0.402,0.7759999999999998,RR Lyrae
19.199,0.5763804,0.575,0.8879999999999981,RR Lyrae
18.785,0.5954737,0.534,0.6409999999999982,RR Lyrae
18.652,0.5721115,0.648,0.5509999999999984,RR Lyrae
19.426,0.5697951,0.565,0.8590000000000018,RR Lyrae
18.723,0.5721335,0.603,0.49099999999999966,RR Lyrae
18.784,0.5140438,0.743,0.5150000000000006,RR Lyrae
18.898,0.55966,0.549,0.5749999999999993,RR Lyrae
18.875,0.5083515,0.797,0.4920000000000009,RR Lyrae
19.297,0.4648771,0.842,0.541999999999998,RR Lyrae
18.528,0.6144677,0.381,0.5980000000000025,RR Lyrae
19.816,0.5798144,0.448,1.1560000000000024,RR Lyrae
18.785,0.554671,0.578,0.5790000000000006,RR Lyrae
18.461,0.584208,0.363,0.13800000000000168,RR Lyrae
18.839,0.5685831,0.564,0.5670000000000002,RR Lyrae
18.766,0.4946333,0.492,0.45000000000000284,RR Lyrae
19.505,0.5662644,0.528,0.8399999999999999,RR Lyrae
18.909,0.4949823,0.701,0.48300000000000054,RR Lyrae
18.901,0.5617662,0.62,0.6670000000000016,RR Lyrae
18.814,0.4895659,0.897,0.4200000000000017,RR Lyrae
19.09,0.591979,0.581,0.6980000000000004,RR Lyrae
18.564,0.6878566,0.343,0.6039999999999992,RR Lyrae
17.909,0.8410427,0.126,1.3540000000000028,RR Lyrae
18.78,0.7102843,0.231,0.6999999999999993,RR Lyrae
18.672,0.5450341,0.464,0.5919999999999987,RR Lyrae
19.027,0.5145282,0.515,0.5619999999999976,RR Lyrae
18.838,0.5711633,0.609,0.5769999999999982,RR Lyrae
18.696,0.5379551,0.692,0.5289999999999999,RR Lyrae
18.882,0.4796846,0.526,0.42299999999999827,RR Lyrae
19.039,0.4550742,0.76,0.5389999999999979,RR Lyrae
19.003,0.5689374,0.351,0.6539999999999999,RR Lyrae
18.802,0.5647842,0.529,0.593,RR Lyrae
18.683,0.4623084,0.458,0.4230000000000018,RR Lyrae
19.088,0.4681112,0.809,0.6259999999999977,RR Lyrae
18.902,0.5142962,0.733,0.5559999999999974,RR Lyrae
18.981,0.6533081,0.352,0.7829999999999977,RR Lyrae
18.815,0.4835418,0.838,0.4559999999999995,RR Lyrae
18.711,0.481832,0.701,0.4880000000000031,RR Lyrae
18.595,0.5256989,0.666,0.5310000000000024,RR Lyrae
18.855,0.5234838,0.626,0.5229999999999997,RR Lyrae
18.63,0.6378662,0.288,0.6080000000000005,RR Lyrae
18.743,0.5743155,0.677,0.5899999999999999,RR Lyrae
18.856,0.4941354,0.756,0.3719999999999999,RR Lyrae
18.63,0.595462,0.342,0.5650000000000013,RR Lyrae
18.521,0.6904533,0.442,0.6159999999999997,RR Lyrae
18.851,0.5730831,0.436,0.5549999999999997,RR Lyrae
18.851,0.5089238,0.855,0.5050000000000026,RR Lyrae
18.776,0.4845198,0.527,0.5180000000000007,RR Lyrae
18.836,0.5945639,0.421,0.5600000000000023,RR Lyrae
18.715,0.4903871,0.653,0.5,RR Lyrae
19.513,0.4453939,0.539,0.8399999999999999,RR Lyrae
18.834,0.5628958,0.616,0.5800000000000018,RR Lyrae
18.812,0.5353666,0.692,0.6159999999999997,RR Lyrae
19.388,0.6280051,0.129,0.916999999999998,RR Lyrae
18.836,0.5049849,0.818,0.522000000000002,RR Lyrae
18.793,0.5551957,0.51,0.593,RR Lyrae
19.143,0.425055,0.836,0.5289999999999999,RR Lyrae
19.401,0.3782985,0.854,0.4819999999999993,RR Lyrae
18.825,0.5618961,0.659,0.593,RR Lyrae
18.634,0.6857387,0.367,0.6069999999999993,RR Lyrae
18.518,0.7069738,0.666,0.536999999999999,RR Lyrae
18.816,0.527645,0.757,0.3019999999999996,RR Lyrae
18.78,0.5899204,0.461,0.5589999999999975,RR Lyrae
18.369,0.6598178,0.427,0.5640000000000001,RR Lyrae
18.812,0.5119617,0.75,0.570999999999998,RR Lyrae
18.985,0.5327875,0.468,0.7989999999999995,RR Lyrae
18.867,0.4970873,0.754,0.4319999999999986,RR Lyrae
18.544,0.6300609,0.64,0.559000000000001,RR Lyrae
18.727,0.6045508,0.373,0.7560000000000002,RR Lyrae
18.45,0.6421905,0.5,0.5180000000000007,RR Lyrae
18.747,0.5653721,0.412,0.5530000000000008,RR Lyrae
18.866,0.5055038,0.482,0.5800000000000018,RR Lyrae
18.918,0.5098327,0.666,0.4939999999999998,RR Lyrae
18.833,0.6435734,0.568,0.7070000000000007,RR Lyrae
18.876,0.5316493,0.52,0.6769999999999996,RR Lyrae
19.595,0.6264037,0.331,1.139000000000003,RR Lyrae
18.647,0.6407003,0.297,0.5460000000000029,RR Lyrae
18.516,0.6542349,0.782,0.5950000000000024,RR Lyrae
18.884,0.5375693,0.727,0.5769999999999982,RR Lyrae
18.743,0.5676288,0.515,0.6130000000000031,RR Lyrae
18.796,0.4840634,0.391,0.6009999999999991,RR Lyrae
18.737,0.5946728,0.499,0.5250000000000021,RR Lyrae
18.745,0.6433487,0.223,0.5879999999999974,RR Lyrae
18.929,0.474018,0.722,0.559000000000001,RR Lyrae
18.794,0.5069176,0.755,0.46799999999999997,RR Lyrae
18.531,0.6509324,0.615,0.5970000000000013,RR Lyrae
18.711,0.5540244,0.452,0.5480000000000018,RR Lyrae
18.546,0.5895841,0.181,1.2010000000000005,RR Lyrae
18.676,0.5913731,0.573,0.5860000000000021,RR Lyrae
18.803,0.5266091,0.395,0.44299999999999784,RR Lyrae
17.865,0.5841599,0.235,0.7890000000000015,RR Lyrae
19.085,0.4558161,0.738,0.5470000000000006,RR Lyrae
18.812,0.5826314,0.535,0.5829999999999984,RR Lyrae
18.999,0.5740461,0.565,0.6170000000000009,RR Lyrae
18.681,0.5817487,0.76,0.597999999999999,RR Lyrae
18.754,0.5804152,0.405,0.690999999999999,RR Lyrae
19.018,0.5561379,0.438,0.7620000000000005,RR Lyrae
19.071,0.4756777,0.716,0.5229999999999997,RR Lyrae
18.596,0.7339962,0.193,0.6920000000000002,RR Lyrae
18.734,0.6465484,0.184,0.6789999999999985,RR Lyrae
18.883,0.5822095,0.537,0.6610000000000014,RR Lyrae
18.731,0.5955293,0.802,0.607999999999997,RR Lyrae
19.026,0.5532989,0.603,0.7570000000000014,RR Lyrae
18.693,0.6685911,0.311,0.6559999999999988,RR Lyrae
19.405,0.4644689,0.595,0.8019999999999996,RR Lyrae
18.744,0.5957939,0.508,0.5500000000000007,RR Lyrae
18.735,0.6114958,0.677,0.5600000000000023,RR Lyrae
18.633,0.5185055,0.421,0.5109999999999992,RR Lyrae
18.822,0.6249386,0.418,0.652000000000001,RR Lyrae
18.602,0.6318219,0.514,0.6080000000000005,RR Lyrae
18.701,0.6329268,0.301,0.6980000000000004,RR Lyrae
18.631,0.7151738,0.297,0.6729999999999983,RR Lyrae
18.824,0.5467285,0.757,0.6139999999999972,RR Lyrae
18.737,0.5134793,0.787,0.4690000000000012,RR Lyrae
18.522,0.5897055,0.379,0.6270000000000024,RR Lyrae
18.645,0.6096783,0.716,0.5350000000000001,RR Lyrae
18.539,0.5925028,0.501,0.6539999999999999,RR Lyrae
19.115,0.5400849,0.694,0.767000000000003,RR Lyrae
18.751,0.6420767,0.302,0.657,RR Lyrae
19.045,0.4765943,0.814,0.5129999999999981,RR Lyrae
18.896,0.5429741,0.641,0.597999999999999,RR Lyrae
19.16,0.4960556,0.395,0.8410000000000011,RR Lyrae
18.896,0.4727496,0.403,0.477999999999998,RR Lyrae
18.292,0.5567222,0.176,0.2699999999999996,RR Lyrae
18.77,0.5555629,0.494,0.5500000000000007,RR Lyrae
18.831,0.4932963,0.599,0.5549999999999997,RR Lyrae
18.831,0.5790214,0.536,0.6260000000000012,RR Lyrae
18.746,0.5841405,0.542,0.4510000000000005,RR Lyrae
18.602,0.6423033,0.66,0.5730000000000004,RR Lyrae
19.067,0.5834474,0.566,0.6890000000000001,RR Lyrae
18.911,0.6013097,0.498,0.6980000000000004,RR Lyrae
18.66,0.6385764,0.205,0.6239999999999988,RR Lyrae
18.928,0.4749554,0.452,0.4710000000000001,RR Lyrae
19.183,0.631715,0.35,0.9690000000000012,RR Lyrae
18.261,0.6917439,0.397,0.629999999999999,RR Lyrae
18.737,0.4917009,0.621,0.46000000000000085,RR Lyrae
18.755,0.651132,0.216,0.6940000000000026,RR Lyrae
18.64,0.585419,0.436,0.5259999999999998,RR Lyrae
18.888,0.5413008,0.447,0.6159999999999997,RR Lyrae
18.808,0.6299964,0.326,0.6739999999999995,RR Lyrae
19.16,0.6865469,0.216,1.032,RR Lyrae
18.807,0.5608599,0.569,0.5810000000000031,RR Lyrae
18.788,0.6397185,0.355,0.6460000000000008,RR Lyrae
18.7,0.588452,0.472,0.5970000000000013,RR Lyrae
18.692,0.7372998,0.333,0.6419999999999995,RR Lyrae
18.905,0.513959,0.784,0.5779999999999994,RR Lyrae
18.796,0.5593603,0.572,0.46000000000000085,RR Lyrae
18.45,0.4608132,0.585,0.4460000000000015,RR Lyrae
18.775,0.5818991,0.347,0.6590000000000025,RR Lyrae
18.764,0.6321269,0.245,0.6180000000000021,RR Lyrae
19.292,0.456117,0.619,0.6890000000000001,RR Lyrae
18.718,0.5414206,0.383,0.6020000000000003,RR Lyrae
18.749,0.5460353,0.457,0.6460000000000008,RR Lyrae
19.279,0.5536127,0.3,0.7369999999999983,RR Lyrae
18.93,0.5581842,0.513,0.6769999999999996,RR Lyrae
18.827,0.567366,0.796,0.7829999999999977,RR Lyrae
20.214,0.4362751,0.776,1.2510000000000012,RR Lyrae
18.511,0.5854985,0.439,0.7300000000000004,RR Lyrae
18.872,0.5497366,0.559,0.5869999999999997,RR Lyrae
18.865,0.5375234,0.347,0.3930000000000007,RR Lyrae
18.996,0.5229945,0.846,0.6210000000000022,RR Lyrae
17.192,0.6362951,0.064,0.028999999999999915,RR Lyrae
18.826,0.518851,0.485,0.5470000000000006,RR Lyrae
18.72,0.6369281,0.263,0.6300000000000026,RR Lyrae
19.024,0.5228285,0.845,0.5569999999999986,RR Lyrae
18.752,0.5870145,0.432,0.5410000000000004,RR Lyrae
18.641,0.620249,0.468,0.5940000000000012,RR Lyrae
18.686,0.653698,0.399,0.6490000000000009,RR Lyrae
18.724,0.6077659,0.695,0.532,RR Lyrae
18.802,0.5410164,0.554,0.5910000000000011,RR Lyrae
18.866,0.5354018,0.703,0.5779999999999994,RR Lyrae
18.628,0.6039083,0.552,0.5470000000000006,RR Lyrae
18.656,0.532212,0.623,0.5210000000000008,RR Lyrae
19.576,0.458894,0.409,0.8499999999999979,RR Lyrae
19.073,0.5945847,0.499,0.7059999999999995,RR Lyrae
18.838,0.508116,0.745,0.6549999999999976,RR Lyrae
18.768,0.4978923,0.534,0.5249999999999986,RR Lyrae
18.88,0.521361,0.762,0.5330000000000013,RR Lyrae
19.234,0.5642247,0.481,0.7489999999999988,RR Lyrae
18.751,0.6048453,0.448,0.5889999999999986,RR Lyrae
19.011,0.5282721,0.494,0.7680000000000007,RR Lyrae
19.079,0.5018659,0.822,0.6869999999999976,RR Lyrae
18.855,0.5849682,0.533,0.6020000000000003,RR Lyrae
19.234,0.4583413,0.735,0.6319999999999979,RR Lyrae
19.339,0.6309872,0.646,0.8890000000000029,RR Lyrae
18.714,0.5079676,0.785,0.527000000000001,RR Lyrae
18.712,0.5384798,0.747,0.5150000000000006,RR Lyrae
18.662,0.6282625,0.45,0.5770000000000017,RR Lyrae
19.258,0.4136878,0.771,0.6329999999999991,RR Lyrae
18.928,0.5199704,0.775,0.10899999999999821,RR Lyrae
18.84,0.5201221,0.661,0.6110000000000007,RR Lyrae
18.767,0.5390276,0.626,0.5120000000000005,RR Lyrae
18.752,0.5620158,0.64,0.5100000000000016,RR Lyrae
18.785,0.5035906,0.661,0.5820000000000007,RR Lyrae
18.793,0.6828842,0.555,0.684000000000001,RR Lyrae
18.996,0.4139012,0.742,0.3949999999999996,RR Lyrae
18.66,0.5360576,0.552,0.5489999999999995,RR Lyrae
19.812,0.5280784,0.524,1.0269999999999975,RR Lyrae
18.713,0.6483514,0.203,0.6340000000000003,RR Lyrae
18.937,0.5145323,0.77,0.5619999999999976,RR Lyrae
19.207,0.5335516,0.529,0.8870000000000005,RR Lyrae
19.058,0.4822882,0.903,0.5489999999999995,RR Lyrae
18.878,0.5866661,0.473,0.6269999999999989,RR Lyrae
19.08,0.6333675,0.255,0.49700000000000344,RR Lyrae
18.525,0.5909984,0.641,0.5390000000000015,RR Lyrae
18.403,0.7330178,0.311,0.5850000000000009,RR Lyrae
18.766,0.5056658,0.762,0.5760000000000005,RR Lyrae
18.603,0.6306586,0.69,0.6089999999999982,RR Lyrae
18.916,0.5478325,0.736,0.6110000000000007,RR Lyrae
18.778,0.6065578,0.404,0.6550000000000011,RR Lyrae
18.646,0.5131627,0.55,0.5719999999999992,RR Lyrae
18.77,0.5615556,0.545,0.532,RR Lyrae
18.863,0.6305009,0.387,0.7010000000000005,RR Lyrae
19.005,0.5875394,0.528,0.6900000000000013,RR Lyrae
18.787,0.6349931,0.35,0.6500000000000021,RR Lyrae
18.882,0.799538,0.431,1.2339999999999982,RR Lyrae
18.49,0.7572947,0.186,0.625,RR Lyrae
18.632,0.585743,0.408,0.4539999999999971,RR Lyrae
18.727,0.5404536,0.719,0.5470000000000006,RR Lyrae
18.952,0.5037527,0.885,0.514999999999997,RR Lyrae
18.739,0.5501851,0.567,0.570999999999998,RR Lyrae
18.973,0.5307117,0.669,0.5770000000000017,RR Lyrae
18.651,0.4830422,0.701,0.5410000000000004,RR Lyrae
18.881,0.5306328,0.869,0.5949999999999989,RR Lyrae
19.011,0.6441,0.405,0.7989999999999995,RR Lyrae
18.901,0.5671823,0.685,0.6239999999999988,RR Lyrae
18.846,0.5634421,0.535,0.5710000000000015,RR Lyrae
18.873,0.5786529,0.573,0.5819999999999972,RR Lyrae
18.897,0.6551998,0.321,0.7640000000000029,RR Lyrae
18.797,0.5440547,0.72,0.532,RR Lyrae
18.762,0.5856567,0.324,0.5869999999999997,RR Lyrae
18.923,0.4989313,0.606,0.615000000000002,RR Lyrae
18.597,0.5069334,0.635,0.38599999999999923,RR Lyrae
19.163,0.560211,0.537,0.8069999999999986,RR Lyrae
18.696,0.576153,0.469,0.6069999999999993,RR Lyrae
18.961,0.5032467,0.868,0.5310000000000024,RR Lyrae
18.624,0.6481373,0.212,0.5950000000000024,RR Lyrae
18.828,0.6381579,0.226,0.6630000000000003,RR Lyrae
18.724,0.6342109,0.265,0.666999999999998,RR Lyrae
18.565,0.7748608,0.168,0.6709999999999994,RR Lyrae
18.862,0.5280741,0.507,0.5770000000000017,RR Lyrae
18.665,0.6420034,0.223,0.7870000000000026,RR Lyrae
18.541,0.5526287,0.347,0.9370000000000012,RR Lyrae
18.842,0.5911838,0.474,0.652000000000001,RR Lyrae
19.2,0.6445465,0.218,0.968,RR Lyrae
18.838,0.6291398,0.563,0.6469999999999985,RR Lyrae
18.817,0.6386968,0.351,0.6969999999999992,RR Lyrae
18.808,0.7978927,0.254,0.7379999999999995,RR Lyrae
18.723,0.6349076,0.251,0.5700000000000003,RR Lyrae
19.153,0.5294516,0.751,0.7510000000000012,RR Lyrae
18.767,0.5025431,0.838,0.46799999999999997,RR Lyrae
19.206,0.5131709,0.794,0.5650000000000013,RR Lyrae
18.774,0.5975062,0.728,0.5839999999999996,RR Lyrae
18.805,0.5548364,0.573,0.5710000000000015,RR Lyrae
18.727,0.7328181,0.204,0.6969999999999992,RR Lyrae
18.789,0.5945054,0.257,0.7119999999999997,RR Lyrae
18.818,0.6052376,0.349,0.6660000000000004,RR Lyrae
18.878,0.6778504,0.419,0.7059999999999995,RR Lyrae
18.954,0.524921,0.453,0.5760000000000005,RR Lyrae
18.998,0.5659015,0.508,0.7399999999999984,RR Lyrae
18.798,0.5776321,0.599,0.5990000000000002,RR Lyrae
18.866,0.4926539,0.636,0.5079999999999991,RR Lyrae
18.733,0.4903166,0.626,0.48300000000000054,RR Lyrae
18.808,0.5550709,0.623,0.5689999999999991,RR Lyrae
18.959,0.462536,0.73,0.532,RR Lyrae
18.741,0.7081245,0.33,0.6359999999999992,RR Lyrae
18.703,0.5007848,0.524,0.5300000000000011,RR Lyrae
18.896,0.5985682,0.377,0.6140000000000008,RR Lyrae
18.867,0.5371455,0.554,0.6329999999999991,RR Lyrae
18.195,0.5270707,0.325,0.20700000000000074,RR Lyrae
18.535,0.804435,0.374,0.6340000000000003,RR Lyrae
18.892,0.5695991,0.609,0.7560000000000002,RR Lyrae
18.808,0.5148525,0.721,0.5470000000000006,RR Lyrae
19.142,0.5409856,0.561,0.597999999999999,RR Lyrae
18.727,0.584725,0.523,0.6310000000000002,RR Lyrae
18.966,0.5305749,0.541,0.5629999999999988,RR Lyrae
18.974,0.6108488,0.402,0.7079999999999984,RR Lyrae
18.774,0.4869962,0.768,0.4369999999999976,RR Lyrae
19.063,0.6252914,0.273,0.7600000000000016,RR Lyrae
18.82,0.6185567,0.394,0.6370000000000005,RR Lyrae
18.638,0.6825581,0.567,0.629999999999999,RR Lyrae
18.966,0.6038316,0.476,0.7769999999999975,RR Lyrae
19.581,0.6220549,0.355,0.9390000000000001,RR Lyrae
18.683,0.5139099,0.679,0.5629999999999988,RR Lyrae
19.347,0.3581321,0.843,0.5719999999999992,RR Lyrae
18.943,0.495504,0.845,0.5519999999999996,RR Lyrae
19.223,0.6873099,0.448,0.8390000000000022,RR Lyrae
18.947,0.4862519,0.771,0.6730000000000018,RR Lyrae
18.959,0.5505922,0.661,0.6490000000000009,RR Lyrae
18.892,0.6167018,0.384,0.5150000000000006,RR Lyrae
18.925,0.4902545,0.871,0.5109999999999992,RR Lyrae
18.771,0.5689548,0.443,0.5479999999999983,RR Lyrae
19.674,0.5046254,0.835,0.8859999999999992,RR Lyrae
18.861,0.542486,0.537,0.5719999999999992,RR Lyrae
19.031,0.5188994,0.447,0.5860000000000021,RR Lyrae
18.421,0.7264642,0.607,0.5410000000000004,RR Lyrae
19.034,0.5405882,0.628,0.7200000000000024,RR Lyrae
18.654,0.6432064,0.434,0.5629999999999988,RR Lyrae
18.843,0.6340598,0.229,0.6810000000000009,RR Lyrae
18.842,0.5088537,0.791,0.46199999999999974,RR Lyrae
18.597,0.6117994,0.59,0.38400000000000034,RR Lyrae
18.621,0.6069462,0.733,0.5390000000000015,RR Lyrae
18.757,0.5450633,0.628,0.546999999999997,RR Lyrae
18.745,0.6188278,0.313,0.657,RR Lyrae
18.903,0.4752314,0.854,0.43599999999999994,RR Lyrae
18.853,0.5773685,0.47,0.6449999999999996,RR Lyrae
18.872,0.5839141,0.495,0.6900000000000013,RR Lyrae
18.871,0.5836047,0.68,0.5750000000000028,RR Lyrae
18.839,0.6386903,0.509,0.6900000000000013,RR Lyrae
18.674,0.6065997,0.503,0.5519999999999996,RR Lyrae
18.578,0.5922266,0.679,0.597999999999999,RR Lyrae
18.706,0.6118577,0.478,0.6449999999999996,RR Lyrae
19.071,0.5814004,0.516,0.8409999999999975,RR Lyrae
18.932,0.5050176,0.579,0.5690000000000026,RR Lyrae
18.567,0.8497344,0.285,0.6859999999999999,RR Lyrae
19.015,0.4997901,0.775,0.5809999999999995,RR Lyrae
18.857,0.5116782,0.787,0.5310000000000024,RR Lyrae
19.503,0.4156392,0.849,0.7119999999999997,RR Lyrae
18.755,0.5348306,0.703,0.583000000000002,RR Lyrae
18.702,0.7861348,0.344,0.7099999999999973,RR Lyrae
18.679,0.6321416,0.459,0.5670000000000002,RR Lyrae
18.965,0.7329488,0.242,0.8060000000000009,RR Lyrae
18.866,0.4932518,0.299,0.5700000000000003,RR Lyrae
18.49,0.7323013,0.582,0.5480000000000018,RR Lyrae
18.705,0.5316896,0.426,0.5120000000000005,RR Lyrae
18.75,0.5399958,0.605,0.5859999999999985,RR Lyrae
18.681,0.5747332,0.543,0.4289999999999985,RR Lyrae
19.364,0.587921,0.587,0.7459999999999987,RR Lyrae
18.646,0.6103138,0.679,0.5640000000000001,RR Lyrae
18.784,0.542017,0.585,0.5330000000000013,RR Lyrae
18.54,0.6220623,0.472,0.41300000000000026,RR Lyrae
18.971,0.5542144,0.606,0.6789999999999985,RR Lyrae
18.991,0.5798486,0.514,0.661999999999999,RR Lyrae
19.445,0.4892578,0.564,0.7759999999999998,RR Lyrae
19.102,0.5632066,0.566,0.8000000000000007,RR Lyrae
18.91,0.5780609,0.597,0.6630000000000003,RR Lyrae
18.806,0.5420645,0.538,0.5380000000000003,RR Lyrae
18.938,0.4696571,0.643,0.5199999999999996,RR Lyrae
18.573,0.5961004,0.369,0.7059999999999995,RR Lyrae
18.779,0.5003339,0.566,0.5710000000000015,RR Lyrae
18.679,0.6480236,0.145,0.6270000000000024,RR Lyrae
18.822,0.6413693,0.548,0.6550000000000011,RR Lyrae
18.609,0.7166889,0.391,0.7069999999999972,RR Lyrae
19.026,0.5312023,0.598,0.7340000000000018,RR Lyrae
19.151,0.4788311,0.794,0.652000000000001,RR Lyrae
18.849,0.5695536,0.541,-0.062000000000001165,RR Lyrae
17.427,0.6116823,0.101,0.9149999999999991,RR Lyrae
18.846,0.6535782,0.628,0.7199999999999989,RR Lyrae
18.615,0.6609026,0.265,0.5990000000000002,RR Lyrae
18.84,0.5649753,0.581,0.6140000000000008,RR Lyrae
18.622,0.5521969,0.716,0.5229999999999997,RR Lyrae
18.761,0.5806734,0.432,0.5510000000000019,RR Lyrae
18.864,0.570574,0.496,0.6110000000000007,RR Lyrae
18.75,0.5238492,0.747,0.5,RR Lyrae
18.943,0.4719841,0.676,0.6099999999999994,RR Lyrae
18.751,0.6223452,0.368,0.722999999999999,RR Lyrae
18.864,0.5433602,0.625,0.5899999999999999,RR Lyrae
18.859,0.4951002,0.746,0.546999999999997,RR Lyrae
19.549,0.411359,0.584,0.7240000000000002,RR Lyrae
18.899,0.567845,0.464,0.6310000000000002,RR Lyrae
18.916,0.6033145,0.327,0.5910000000000011,RR Lyrae
19.262,0.5937783,0.46,0.8140000000000001,RR Lyrae
18.597,0.6564084,0.744,0.5449999999999982,RR Lyrae
18.717,0.6025676,0.362,0.397000000000002,RR Lyrae
18.633,0.629175,0.228,0.4380000000000024,RR Lyrae
18.878,0.5074071,0.606,0.5219999999999985,RR Lyrae
19.02,0.5002687,0.569,0.5940000000000012,RR Lyrae
19.542,0.4905739,0.775,0.7759999999999998,RR Lyrae
18.949,0.5886079,0.502,0.6259999999999977,RR Lyrae
18.738,0.5111109,0.782,0.565999999999999,RR Lyrae
18.196,0.6231355,0.38,0.671999999999997,RR Lyrae
18.683,0.63379,0.435,0.6769999999999996,RR Lyrae
18.773,0.6292138,0.344,0.6539999999999999,RR Lyrae
18.698,0.5917683,0.622,0.5240000000000009,RR Lyrae
16.731,0.4924095,0.101,1.1069999999999993,RR Lyrae
18.449,0.7026532,0.484,0.5629999999999988,RR Lyrae
18.99,0.4711442,0.856,0.5370000000000026,RR Lyrae
17.767,0.7007548,0.226,0.8620000000000019,RR Lyrae
19.106,0.5310778,0.787,0.6629999999999967,RR Lyrae
19.186,0.451709,0.662,0.5700000000000003,RR Lyrae
18.769,0.6040165,0.55,0.6070000000000029,RR Lyrae
18.75,0.4873067,0.462,0.5799999999999983,RR Lyrae
18.691,0.6319864,0.261,0.6260000000000012,RR Lyrae
19.375,0.504962,0.791,0.8719999999999999,RR Lyrae
18.752,0.6053596,0.451,0.7550000000000026,RR Lyrae
18.776,0.6484177,0.189,0.6580000000000013,RR Lyrae
19.109,0.3870108,0.663,1.7349999999999994,RR Lyrae
18.916,0.5366603,0.745,0.5030000000000001,RR Lyrae
19.009,0.4735705,0.733,0.5309999999999988,RR Lyrae
19.15,0.5461008,0.538,0.735000000000003,RR Lyrae
18.751,0.6869995,0.266,0.6989999999999981,RR Lyrae
18.694,0.6484817,0.294,0.6290000000000013,RR Lyrae
18.77,0.5687378,0.428,0.7330000000000005,RR Lyrae
18.492,0.8048247,0.302,0.7459999999999987,RR Lyrae
18.746,0.5926057,0.555,0.6210000000000022,RR Lyrae
18.871,0.5560765,0.68,0.6000000000000014,RR Lyrae
18.577,0.6495445,0.108,0.6709999999999994,RR Lyrae
18.97,0.6568053,0.326,0.7870000000000026,RR Lyrae
19.075,0.5538415,0.483,0.6739999999999995,RR Lyrae
19.546,0.4620306,0.886,0.9350000000000023,RR Lyrae
18.503,0.5183522,0.577,0.38200000000000145,RR Lyrae
19.236,0.4358326,0.533,0.620000000000001,RR Lyrae
18.75,0.6102122,0.43,0.6640000000000015,RR Lyrae
18.955,0.5705514,0.429,0.6030000000000015,RR Lyrae
18.805,0.4880904,0.749,0.48100000000000165,RR Lyrae
18.912,0.5897856,0.418,0.583000000000002,RR Lyrae
18.951,0.5067623,0.722,0.625,RR Lyrae
18.834,0.5936957,0.498,0.6799999999999997,RR Lyrae
18.89,0.5411148,0.635,0.5790000000000006,RR Lyrae
18.731,0.5179432,0.616,0.48999999999999844,RR Lyrae
18.423,0.6564924,0.559,0.5650000000000013,RR Lyrae
18.916,0.5641676,0.476,0.5960000000000001,RR Lyrae
18.731,0.5699853,0.648,0.5889999999999986,RR Lyrae
18.904,0.6436033,0.19,0.5940000000000012,RR Lyrae
18.766,0.5990086,0.464,0.6040000000000028,RR Lyrae
18.797,0.5733863,0.511,0.6099999999999994,RR Lyrae
18.482,0.4947893,0.629,0.23799999999999955,RR Lyrae
18.942,0.4904752,0.641,0.536999999999999,RR Lyrae
18.668,0.5066399,0.493,0.5259999999999998,RR Lyrae
18.584,0.6599472,0.132,0.661999999999999,RR Lyrae
18.644,0.6064014,0.371,0.6430000000000007,RR Lyrae
18.931,0.601536,0.518,0.5109999999999992,RR Lyrae
18.856,0.5350861,0.751,0.597999999999999,RR Lyrae
18.384,0.6708413,0.184,0.49599999999999866,RR Lyrae
17.705,0.7400945,0.154,0.8630000000000031,RR Lyrae
18.656,0.5766475,0.471,0.47300000000000253,RR Lyrae
18.99,0.5029391,0.808,0.5310000000000024,RR Lyrae
19.04,0.5855936,0.696,0.6460000000000008,RR Lyrae
18.647,0.6091162,0.445,0.5520000000000032,RR Lyrae
19.07,0.5721601,0.44,0.7830000000000013,RR Lyrae
19.324,0.4795497,0.711,0.6309999999999967,RR Lyrae
18.697,0.6207041,0.51,0.5660000000000025,RR Lyrae
18.998,0.4493713,0.89,0.4869999999999983,RR Lyrae
18.959,0.5688044,0.619,0.8120000000000012,RR Lyrae
18.577,0.5880679,0.653,0.5079999999999991,RR Lyrae
18.573,0.6000074,0.523,0.5289999999999999,RR Lyrae
18.902,0.7267128,0.143,0.6879999999999988,RR Lyrae
19.012,0.6333042,0.337,0.7729999999999997,RR Lyrae
18.966,0.5455772,0.709,0.44399999999999906,RR Lyrae
18.957,0.54944,0.572,0.657,RR Lyrae
18.87,0.5468539,0.388,0.6089999999999982,RR Lyrae
18.602,0.6502229,0.654,0.532,RR Lyrae
18.824,0.6665749,0.179,0.6539999999999999,RR Lyrae
18.909,0.6214288,0.348,0.6430000000000007,RR Lyrae
18.816,0.5665246,0.764,0.6040000000000028,RR Lyrae
18.541,0.7350827,0.359,0.5839999999999996,RR Lyrae
19.044,0.4679486,0.904,0.6750000000000007,RR Lyrae
19.283,0.5395272,0.492,0.8460000000000001,RR Lyrae
19.46,0.5161264,0.698,0.9109999999999978,RR Lyrae
19.274,0.510344,0.545,0.7859999999999978,RR Lyrae
18.943,0.538427,0.424,0.6219999999999999,RR Lyrae
18.856,0.5078519,0.639,0.5329999999999977,RR Lyrae
18.838,0.5809062,0.613,0.6119999999999983,RR Lyrae
18.852,0.5122598,0.812,0.5629999999999988,RR Lyrae
18.963,0.5698246,0.536,0.690999999999999,RR Lyrae
18.895,0.6163344,0.321,0.6649999999999991,RR Lyrae
19.376,0.3882195,0.732,0.5519999999999996,RR Lyrae
18.898,0.5615914,0.667,0.647000000000002,RR Lyrae
18.63,0.6247962,0.639,0.5340000000000025,RR Lyrae
18.693,0.6155903,0.326,0.5889999999999986,RR Lyrae
18.604,0.6031356,0.338,0.6600000000000001,RR Lyrae
18.855,0.4878076,0.586,0.48300000000000054,RR Lyrae
18.768,0.5397797,0.351,0.5899999999999999,RR Lyrae
18.687,0.6985437,0.275,0.7069999999999972,RR Lyrae
18.748,0.6226198,0.325,0.5849999999999973,RR Lyrae
18.662,0.5568929,0.414,0.5380000000000003,RR Lyrae
19.608,0.6524926,0.549,1.2119999999999997,RR Lyrae
18.917,0.5458391,0.622,0.5819999999999972,RR Lyrae
18.934,0.5327951,0.7,0.5869999999999997,RR Lyrae
18.69,0.5467957,0.42,0.5209999999999972,RR Lyrae
18.611,0.6587288,0.467,0.6439999999999984,RR Lyrae
18.688,0.6415539,0.254,0.615000000000002,RR Lyrae
18.984,0.6618782,0.274,0.7219999999999978,RR Lyrae
19.052,0.5240012,0.812,0.5850000000000009,RR Lyrae
18.978,0.6002838,0.432,0.6709999999999994,RR Lyrae
18.539,0.7323548,0.373,0.6069999999999993,RR Lyrae
18.691,0.6065856,0.676,0.5650000000000013,RR Lyrae
19.057,0.4275388,0.89,0.38700000000000045,RR Lyrae
18.838,0.4733567,0.518,0.44200000000000017,RR Lyrae
18.677,0.6082075,0.647,0.6280000000000001,RR Lyrae
18.711,0.6106381,0.32,0.6850000000000023,RR Lyrae
18.766,0.6091192,0.741,0.5200000000000031,RR Lyrae
18.667,0.6591545,0.211,0.6259999999999977,RR Lyrae
18.365,0.7108974,0.474,0.3730000000000011,RR Lyrae
18.16,0.5907786,0.198,0.8840000000000003,RR Lyrae
18.886,0.6225662,0.614,0.6180000000000021,RR Lyrae
19.038,0.5703009,0.412,0.5829999999999984,RR Lyrae
18.936,0.5652012,0.815,0.629999999999999,RR Lyrae
18.848,0.4776048,0.724,0.583000000000002,RR Lyrae
18.769,0.567544,0.611,0.5730000000000004,RR Lyrae
18.854,0.6074729,0.39,0.6709999999999994,RR Lyrae
18.126,0.6280659,0.394,0.3019999999999996,RR Lyrae
18.581,0.6408128,0.535,0.5899999999999999,RR Lyrae
17.699,0.6829395,0.078,0.9869999999999983,RR Lyrae
18.951,0.5499328,0.612,0.6110000000000007,RR Lyrae
18.882,0.4938986,0.671,0.6069999999999993,RR Lyrae
18.701,0.5559974,0.498,0.5919999999999987,RR Lyrae
18.745,0.5539468,0.519,0.6039999999999992,RR Lyrae
19.381,0.6394016,0.334,0.7830000000000013,RR Lyrae
18.762,0.6552516,0.32,0.6009999999999991,RR Lyrae
18.887,0.4752087,0.835,0.4740000000000002,RR Lyrae
19.007,0.5879834,0.442,0.764999999999997,RR Lyrae
18.703,0.3964837,0.132,0.4640000000000022,RR Lyrae
18.931,0.67281,0.469,0.6699999999999982,RR Lyrae
18.894,0.4804019,0.7,0.47800000000000153,RR Lyrae
17.941,0.4461915,0.284,0.7319999999999993,RR Lyrae
18.614,0.6420167,0.283,0.602999999999998,RR Lyrae
18.664,0.5810832,0.552,0.546999999999997,RR Lyrae
18.667,0.6408767,0.184,0.5739999999999981,RR Lyrae
19.108,0.4231226,0.599,0.5259999999999998,RR Lyrae
18.703,0.5710636,0.532,0.625,RR Lyrae
18.684,0.5922866,0.526,0.593,RR Lyrae
18.721,0.5499731,0.585,0.5350000000000001,RR Lyrae
19.053,0.4769472,0.785,0.5579999999999998,RR Lyrae
18.69,0.6073669,0.426,0.6529999999999987,RR Lyrae
19.281,0.4516487,0.74,0.7900000000000027,RR Lyrae
18.632,0.4949202,0.728,0.5009999999999977,RR Lyrae
18.96,0.5174035,0.837,0.5549999999999997,RR Lyrae
19.059,0.534469,0.726,0.7330000000000005,RR Lyrae
18.431,0.5029644,0.417,0.8349999999999973,RR Lyrae
18.632,0.5546031,0.765,0.536999999999999,RR Lyrae
18.786,0.478076,0.667,0.5599999999999987,RR Lyrae
18.926,0.5230248,0.756,0.5620000000000012,RR Lyrae
18.804,0.6183551,0.306,0.6780000000000008,RR Lyrae
18.565,0.6006858,0.289,0.4759999999999991,RR Lyrae
18.645,0.6441051,0.162,0.6490000000000009,RR Lyrae
18.83,0.633881,0.21,0.7110000000000021,RR Lyrae
18.967,0.4460287,0.901,0.49099999999999966,RR Lyrae
18.878,0.6062662,0.393,0.7560000000000002,RR Lyrae
18.134,0.5182384,0.46,0.46399999999999864,RR Lyrae
19.79,0.6104774,0.451,1.2200000000000024,RR Lyrae
18.773,0.5369732,0.499,0.6980000000000004,RR Lyrae
18.803,0.6918634,0.279,0.6329999999999991,RR Lyrae
18.479,0.434049,0.156,0.48100000000000165,RR Lyrae
18.73,0.6491716,0.345,0.5910000000000011,RR Lyrae
18.999,0.5449985,0.714,0.5850000000000009,RR Lyrae
18.851,0.5992192,0.562,0.6419999999999995,RR Lyrae
18.6,0.6282674,0.716,0.5589999999999975,RR Lyrae
18.877,0.4858605,0.869,0.4610000000000021,RR Lyrae
18.738,0.528761,0.626,0.4740000000000002,RR Lyrae
18.919,0.6717286,0.639,0.6870000000000012,RR Lyrae
19.202,0.3969069,0.369,0.565999999999999,RR Lyrae
18.667,0.6470896,0.248,0.639999999999997,RR Lyrae
18.999,0.5353101,0.608,0.7560000000000002,RR Lyrae
18.829,0.6028144,0.413,0.6219999999999999,RR Lyrae
18.675,0.5443876,0.709,0.4269999999999996,RR Lyrae
18.736,0.6260267,0.572,0.6539999999999999,RR Lyrae
18.781,0.4751897,0.783,0.5630000000000024,RR Lyrae
18.897,0.6414055,0.394,0.6539999999999999,RR Lyrae
18.846,0.4883784,0.808,0.48499999999999943,RR Lyrae
18.982,0.6189031,0.455,0.7780000000000022,RR Lyrae
19.002,0.5792447,0.627,0.7160000000000011,RR Lyrae
18.936,0.5606156,0.614,0.6419999999999995,RR Lyrae
18.832,0.549448,0.69,0.5820000000000007,RR Lyrae
18.506,0.5805738,0.452,0.4720000000000013,RR Lyrae
18.86,0.6175093,0.432,0.6930000000000014,RR Lyrae
18.802,0.489822,0.861,0.4870000000000019,RR Lyrae
18.719,0.6023576,0.378,0.593,RR Lyrae
18.671,0.7179364,0.352,0.6410000000000018,RR Lyrae
19.093,0.595752,0.462,0.7839999999999989,RR Lyrae
18.477,0.673838,0.45,0.6009999999999991,RR Lyrae
18.83,0.6172868,0.351,0.6510000000000034,RR Lyrae
18.911,0.5554758,0.398,0.6109999999999971,RR Lyrae
18.602,0.5395057,0.578,0.43700000000000117,RR Lyrae
18.878,0.6337739,0.259,0.661999999999999,RR Lyrae
18.808,0.6287177,0.354,0.6069999999999993,RR Lyrae
18.812,0.5597771,0.603,0.5649999999999977,RR Lyrae
17.755,0.5273006,0.28,0.6650000000000027,RR Lyrae
19.166,0.5075957,0.596,0.5620000000000012,RR Lyrae
18.578,0.7383752,0.186,0.6180000000000021,RR Lyrae
18.693,0.5914303,0.513,0.5909999999999975,RR Lyrae
18.72,0.6978463,0.426,0.7000000000000028,RR Lyrae
18.747,0.6852458,0.579,0.6140000000000008,RR Lyrae
18.894,0.5505261,0.597,0.6650000000000027,RR Lyrae
19.04,0.4747237,0.835,0.5600000000000023,RR Lyrae
18.288,0.5499865,0.351,0.6219999999999999,RR Lyrae
18.837,0.5703901,0.529,0.5459999999999994,RR Lyrae
19.036,0.5999812,0.163,0.7219999999999978,RR Lyrae
18.874,0.6175347,0.305,0.679000000000002,RR Lyrae
18.792,0.5936185,0.48,0.6389999999999993,RR Lyrae
19.145,0.4584632,0.641,0.5259999999999998,RR Lyrae
18.703,0.5990758,0.454,0.6449999999999996,RR Lyrae
18.645,0.5443641,0.424,0.6589999999999989,RR Lyrae
19.591,0.4810707,0.82,0.9369999999999976,RR Lyrae
18.856,0.4672912,0.842,0.47199999999999775,RR Lyrae
18.701,0.6490359,0.286,0.6179999999999986,RR Lyrae
19.53,0.7438804,0.362,1.2539999999999978,RR Lyrae
18.906,0.4904399,0.83,0.45800000000000196,RR Lyrae
19.515,0.5592732,0.599,1.0109999999999992,RR Lyrae
19.053,0.4799509,0.867,0.5899999999999999,RR Lyrae
19.043,0.5036961,0.9,0.6930000000000014,RR Lyrae
18.923,0.5247376,0.528,0.5700000000000003,RR Lyrae
18.74,0.5581002,0.611,0.6350000000000016,RR Lyrae
18.739,0.5773064,0.594,0.6579999999999977,RR Lyrae
18.755,0.5117627,0.679,0.5280000000000022,RR Lyrae
18.531,0.6400603,0.434,0.6300000000000026,RR Lyrae
18.824,0.5842285,0.509,0.6139999999999972,RR Lyrae
19.35,0.6452007,0.389,0.8389999999999986,RR Lyrae
18.826,0.6133615,0.328,0.8019999999999996,RR Lyrae
18.829,0.5660813,0.527,0.5199999999999996,RR Lyrae
18.806,0.641241,0.146,0.6780000000000008,RR Lyrae
18.958,0.4916031,0.774,0.47800000000000153,RR Lyrae
18.74,0.6458424,0.217,0.5190000000000019,RR Lyrae
18.811,0.5638566,0.601,0.5489999999999995,RR Lyrae
18.244,0.6318447,0.226,0.31899999999999906,RR Lyrae
18.695,0.6223884,0.767,0.5700000000000003,RR Lyrae
18.909,0.488833,0.881,0.4440000000000026,RR Lyrae
18.461,0.8088071,0.296,0.6290000000000013,RR Lyrae
18.681,0.5682056,0.538,0.5350000000000001,RR Lyrae
18.674,0.4926618,0.305,0.5820000000000007,RR Lyrae
19.182,0.457246,0.708,0.5869999999999997,RR Lyrae
19.039,0.6261003,0.245,0.7619999999999969,RR Lyrae
18.979,0.550095,0.672,0.5429999999999993,RR Lyrae
18.732,0.5288386,0.668,0.5010000000000012,RR Lyrae
19.047,0.5742764,0.422,0.7749999999999986,RR Lyrae
18.791,0.5297144,0.719,0.588000000000001,RR Lyrae
19.039,0.5254515,0.505,0.5689999999999991,RR Lyrae
18.586,0.6176854,0.661,0.5680000000000014,RR Lyrae
18.633,0.6249721,0.657,0.5350000000000001,RR Lyrae
18.867,0.5307173,0.834,0.5589999999999975,RR Lyrae
18.742,0.6698368,0.653,0.6039999999999992,RR Lyrae
19.419,0.63065,0.303,1.1609999999999978,RR Lyrae
19.118,0.5285616,0.418,0.6720000000000006,RR Lyrae
18.52,0.5798213,0.161,0.5,RR Lyrae
18.822,0.5651886,0.518,0.5280000000000022,RR Lyrae
18.691,0.5634198,0.599,0.5229999999999997,RR Lyrae
18.652,0.5993226,0.764,0.5579999999999998,RR Lyrae
18.977,0.4605545,0.912,0.5560000000000009,RR Lyrae
18.937,0.451469,0.778,0.4809999999999981,RR Lyrae
18.794,0.6365281,0.196,0.6920000000000002,RR Lyrae
18.685,0.498493,0.657,0.49900000000000233,RR Lyrae
18.729,0.6547791,0.486,0.657,RR Lyrae
18.77,0.6217756,0.43,0.6260000000000012,RR Lyrae
16.288,290.9,0.707,3.5410000000000004,Mira
14.241,164.84,0.169,2.2680000000000007,Mira
15.12,332.3,0.351,3.7650000000000023,Mira
15.259,374.6,0.449,3.0060000000000002,Mira
15.159,323.1,0.414,2.7619999999999987,Mira
14.932,176.13,0.348,2.014999999999999,Mira
16.336,364.2,1.729,4.1960000000000015,Mira
18.46,504.2,0.755,4.047999999999998,Mira
14.199,154.59,0.194,2.0200000000000014,Mira
14.063,216.1,0.243,2.3489999999999984,Mira
15.047,405.5,0.437,3.25,Mira
14.248,120.25,0.198,1.6950000000000003,Mira
14.766,250.2,0.731,2.447000000000001,Mira
13.517,400.8,0.157,2.527000000000001,Mira
14.2,266.8,0.259,2.021000000000001,Mira
14.195,296.0,0.158,3.1140000000000008,Mira
16.347,388.8,1.483,3.160999999999998,Mira
13.08,320.9,0.18,2.7029999999999994,Mira
17.124,357.8,3.047,4.895,Mira
14.607,158.73,0.73,2.1050000000000004,Mira
15.57,517.4,1.194,3.785,Mira
14.472,280.3,0.33,2.263,Mira
13.849,199.48,0.09,2.0060000000000002,Mira
15.624,283.0,1.228,2.851000000000001,Mira
15.046,132.76,0.336,2.620000000000001,Mira
16.113,358.2,2.041,2.955000000000002,Mira
14.097,245.2,0.282,2.4590000000000014,Mira
14.721,394.6,0.255,3.5380000000000003,Mira
14.278,170.41,0.29,2.299999999999999,Mira
16.179,428.2,1.283,2.900000000000002,Mira
17.954,435.7,2.247,4.422000000000001,Mira
14.35,298.7,0.222,2.3370000000000015,Mira
16.182,409.8,0.418,3.897000000000002,Mira
14.219,182.79,0.147,2.697000000000001,Mira
14.027,205.8,0.071,2.2479999999999993,Mira
15.763,404.0,0.591,3.8070000000000004,Mira
14.513,389.2,0.205,3.453000000000001,Mira
14.351,236.6,0.34,2.5389999999999997,Mira
14.433,206.3,0.191,2.3470000000000013,Mira
16.28,406.0,1.128,2.91,Mira
14.529,256.2,0.261,3.2510000000000012,Mira
14.791,297.3,0.259,2.817,Mira
15.362,403.6,0.754,3.6049999999999986,Mira
15.403,356.3,0.895,2.8450000000000006,Mira
16.046,382.2,0.893,3.684000000000001,Mira
14.391,171.1,0.129,2.3519999999999985,Mira
15.41,469.5,1.053,2.978999999999999,Mira
16.463,335.5,1.123,3.3659999999999997,Mira
14.412,191.89,0.093,2.4159999999999986,Mira
16.899,409.5,2.211,3.8309999999999995,Mira
17.041,280.7,1.973,3.3619999999999983,Mira
15.679,269.3,1.657,2.1500000000000004,Mira
14.643,314.6,0.393,2.881999999999998,Mira
15.56,411.7,0.623,3.3789999999999996,Mira
14.331,224.9,0.186,2.058,Mira
16.401,388.7,0.447,2.9849999999999994,Mira
14.414,146.36,0.313,2.003000000000002,Mira
14.549,213.5,0.315,2.062000000000001,Mira
14.297,214.7,0.3,2.654,Mira
14.643,153.25,0.19,2.5429999999999993,Mira
17.428,624.1,1.158,1.7669999999999995,Mira
15.014,428.8,0.524,3.6260000000000012,Mira
14.98,375.1,0.747,3.312999999999999,Mira
14.49,210.2,0.115,2.1659999999999986,Mira
18.461,544.5,1.808,4.9780000000000015,Mira
15.113,131.49,0.126,2.530000000000001,Mira
16.828,437.3,2.053,2.7609999999999992,Mira
16.605,258.7,0.592,3.3550000000000004,Mira
16.316,473.3,1.185,3.1799999999999997,Mira
14.447,190.81,0.247,1.8829999999999991,Mira
14.165,193.63,0.195,2.1310000000000002,Mira
14.78,360.0,0.874,2.2509999999999994,Mira
18.495,539.8,0.624,3.0599999999999987,Mira
16.807,452.9,0.714,3.84,Mira
16.886,464.7,1.447,4.240000000000002,Mira
15.062,372.4,0.333,3.354000000000001,Mira
13.283,1250.0,0.505,7.525,Mira
14.722,178.82,0.443,2.944000000000001,Mira
14.948,206.4,0.347,2.91,Mira
14.683,205.6,0.283,2.997,Mira
14.951,129.73,0.227,2.7119999999999997,Mira
14.22,1265.0,0.205,6.504,Mira
16.287,440.8,0.792,4.694000000000003,Mira
14.583,299.5,0.39,2.6820000000000004,Mira
17.861,498.6,4.312,4.039999999999999,Mira
16.931,394.3,0.881,3.320999999999998,Mira
14.37,416.0,0.244,3.67,Mira
14.408,360.2,0.63,5.700000000000001,Mira
14.716,167.8,0.267,2.548,Mira
16.27,442.3,1.096,3.789999999999999,Mira
14.322,242.8,0.18,1.958000000000002,Mira
15.272,183.9,0.129,3.153999999999998,Mira
14.017,162.23,0.184,2.152000000000001,Mira
14.418,179.65,0.154,2.2590000000000003,Mira
17.089,367.2,2.797,2.583000000000002,Mira
14.56,563.1,1.13,3.045,Mira
13.288,756.1,0.734,5.038,Mira
16.367,463.9,1.217,3.570999999999998,Mira
14.536,229.6,0.387,3.110999999999999,Mira
14.585,237.8,0.272,3.035999999999998,Mira
17.74,444.0,1.181,3.677000000000003,Mira
14.296,250.0,0.245,2.269000000000002,Mira
14.271,180.22,0.206,2.375,Mira
15.728,897.7,1.066,3.0310000000000006,Mira
16.561,437.1,1.654,3.2910000000000004,Mira
15.372,450.4,0.709,4.3210000000000015,Mira
13.822,911.6,1.288,4.899000000000001,Mira
16.976,246.4,1.111,3.3019999999999996,Mira
15.083,427.5,0.287,3.798,Mira
14.933,517.7,0.222,3.774000000000001,Mira
14.649,231.6,0.435,2.0950000000000006,Mira
15.053,381.0,0.618,3.0939999999999976,Mira
16.199,487.1,1.268,4.405999999999999,Mira
13.057,693.9,0.313,2.949,Mira
14.409,207.8,0.072,2.273999999999999,Mira
18.187,470.6,1.057,2.512999999999998,Mira
14.379,384.0,0.264,3.2990000000000013,Mira
14.281,246.0,0.294,2.8729999999999993,Mira
17.525,455.0,2.11,3.3190000000000026,Mira
14.188,210.5,0.207,2.572000000000001,Mira
14.463,243.2,0.24,2.4090000000000007,Mira
14.481,224.3,0.314,2.851000000000001,Mira
16.994,381.3,0.494,4.1129999999999995,Mira
16.716,370.3,1.255,3.0559999999999974,Mira
14.381,159.39,0.123,2.2459999999999987,Mira
14.427,121.7,0.183,1.9379999999999988,Mira
12.972,886.0,0.355,5.194000000000001,Mira
14.923,563.3,0.807,3.606,Mira
17.066,484.3,0.874,4.3580000000000005,Mira
14.586,316.4,0.332,2.6530000000000005,Mira
16.246,427.0,0.312,4.158000000000001,Mira
17.231,493.1,1.175,4.049999999999997,Mira
15.811,373.3,0.841,3.026,Mira
18.539,513.6,2.238,2.233999999999998,Mira
16.765,466.6,2.199,3.0180000000000007,Mira
14.528,386.7,0.242,3.2219999999999995,Mira
16.923,318.5,1.325,3.7890000000000015,Mira
14.688,228.4,0.452,2.9339999999999993,Mira
16.778,452.5,0.797,3.2650000000000006,Mira
14.876,422.3,0.463,3.4830000000000023,Mira
15.828,449.9,0.636,2.997,Mira
16.842,492.6,0.503,3.4770000000000003,Mira
14.202,210.7,0.33,2.2180000000000017,Mira
17.988,475.5,1.962,2.617000000000001,Mira
15.945,377.8,0.428,3.541999999999998,Mira
14.848,253.3,0.278,3.1659999999999986,Mira
14.328,153.7,0.254,2.339000000000002,Mira
16.765,525.2,1.366,4.129999999999999,Mira
16.954,331.3,2.267,3.7360000000000007,Mira
17.076,503.0,1.807,3.9220000000000006,Mira
15.705,364.4,1.109,3.1830000000000016,Mira
16.405,379.3,0.575,3.815999999999999,Mira
14.335,323.8,0.211,2.7379999999999995,Mira
14.848,356.3,0.531,2.8599999999999977,Mira
12.998,325.9,0.153,3.706999999999999,Mira
16.95,491.6,1.05,3.7040000000000006,Mira
13.002,574.7,0.38,4.365,Mira
14.171,258.7,0.123,2.184000000000001,Mira
13.993,267.4,0.145,3.022999999999998,Mira
15.543,467.1,0.305,3.928000000000001,Mira
16.739,412.2,1.37,3.881999999999998,Mira
14.287,332.2,0.233,2.644,Mira
12.775,879.8,0.112,4.071,Mira
16.406,467.6,1.424,2.9060000000000024,Mira
14.113,216.2,0.104,2.1320000000000014,Mira
14.575,340.4,0.521,3.032,Mira
14.243,333.5,0.504,2.9640000000000004,Mira
15.558,494.3,1.141,2.812999999999999,Mira
13.063,662.3,0.345,3.921999999999999,Mira
14.221,305.8,0.185,2.4250000000000007,Mira
17.262,391.0,1.418,3.715,Mira
14.385,284.9,0.197,2.5600000000000005,Mira
17.257,572.3,1.556,4.0589999999999975,Mira
14.271,354.5,0.434,3.2880000000000003,Mira
14.719,238.0,0.315,2.823000000000002,Mira
14.331,386.6,0.342,3.769000000000002,Mira
15.045,299.6,0.859,2.9060000000000006,Mira
13.054,660.6,0.357,4.537000000000001,Mira
14.078,214.2,0.156,2.4130000000000003,Mira
14.383,229.3,0.466,2.873000000000001,Mira
15.044,149.75,0.44,2.8279999999999994,Mira
14.343,241.5,0.285,2.7929999999999993,Mira
14.715,321.3,0.415,3.0859999999999985,Mira
14.538,278.2,0.163,3.698999999999998,Mira
14.144,176.67,0.26,2.037000000000001,Mira
14.298,159.63,0.232,2.3130000000000006,Mira
15.751,474.0,1.067,3.8119999999999994,Mira
15.271,537.0,0.752,3.3119999999999976,Mira
16.956,397.1,1.108,3.9190000000000005,Mira
16.853,420.7,3.017,3.283999999999999,Mira
13.758,389.1,0.226,3.3279999999999994,Mira
15.806,403.1,0.348,3.349000000000002,Mira
14.215,222.9,0.245,2.4819999999999993,Mira
14.491,155.89,0.332,2.3850000000000016,Mira
14.675,418.2,0.375,3.718,Mira
14.371,314.0,0.341,2.5409999999999986,Mira
17.338,516.8,2.477,3.5969999999999978,Mira
15.098,273.5,0.299,2.5340000000000007,Mira
14.019,161.82,0.21,2.040000000000001,Mira
14.506,281.6,0.208,3.1980000000000004,Mira
15.504,240.9,0.522,2.320000000000002,Mira
12.852,474.9,0.159,3.6149999999999984,Mira
14.418,171.93,0.315,2.3930000000000007,Mira
14.164,319.0,0.264,2.5310000000000006,Mira
14.911,343.2,1.084,2.2009999999999987,Mira
16.29,428.9,2.898,3.5710000000000015,Mira
14.433,287.8,0.171,2.4570000000000007,Mira
13.37,927.7,0.948,3.4910000000000014,Mira
17.952,540.8,1.639,3.7829999999999977,Mira
14.497,195.84,0.242,2.373000000000001,Mira
19.047,552.4,0.238,1.0060000000000002,Mira
14.406,221.6,0.406,1.8819999999999997,Mira
12.902,610.5,0.564,3.7120000000000015,Mira
14.225,155.39,0.267,2.2189999999999994,Mira
12.646,656.7,0.249,3.3069999999999986,Mira
14.259,314.0,0.231,2.6159999999999997,Mira
13.865,391.3,1.048,3.755000000000001,Mira
17.077,445.8,2.506,3.7119999999999997,Mira
8.104,330.5,0.611,5.139000000000001,Mira
17.509,306.3,1.931,2.933,Mira
15.16,475.7,0.433,3.7609999999999992,Mira
14.896,146.26,0.397,2.6239999999999988,Mira
14.648,385.4,0.431,2.564,Mira
18.865,577.1,1.775,2.6290000000000013,Mira
17.429,496.3,0.536,3.299000000000003,Mira
15.299,375.9,0.807,3.2010000000000005,Mira
14.274,168.35,0.328,2.203000000000001,Mira
14.128,247.8,0.201,2.1449999999999996,Mira
14.485,123.33,0.257,2.067,Mira
14.62,232.0,0.429,2.319000000000001,Mira
14.941,323.7,0.809,2.641,Mira
14.151,179.1,0.176,2.242000000000001,Mira
17.192,416.4,0.454,3.806000000000001,Mira
17.569,477.6,2.286,4.047000000000001,Mira
15.899,328.2,0.599,2.8420000000000005,Mira
14.703,408.9,0.507,3.2310000000000016,Mira
14.309,200.8,0.226,2.535000000000002,Mira
15.876,481.8,0.216,3.189000000000002,Mira
14.113,304.3,0.155,2.1750000000000007,Mira
15.989,234.0,0.744,2.678000000000001,Mira
14.834,314.1,0.89,2.8840000000000003,Mira
15.07,124.04,0.303,2.3470000000000013,Mira
15.251,307.2,0.375,2.790000000000001,Mira
14.775,313.2,0.648,2.540000000000001,Mira
16.41,428.0,1.473,3.431000000000001,Mira
17.036,475.3,1.194,4.5219999999999985,Mira
15.781,306.9,1.819,2.2619999999999987,Mira
14.381,391.5,0.192,3.3419999999999987,Mira
14.299,310.5,0.177,2.565999999999999,Mira
15.614,434.2,0.922,3.3569999999999993,Mira
13.548,416.6,0.169,2.6689999999999987,Mira
14.515,214.7,0.292,3.068999999999999,Mira
14.386,234.1,0.253,2.9730000000000025,Mira
14.965,400.8,1.062,2.933,Mira
13.993,224.1,0.164,2.5969999999999995,Mira
16.567,396.8,0.473,4.247,Mira
14.346,405.4,0.295,3.0650000000000013,Mira
15.555,276.4,1.223,2.6900000000000013,Mira
15.756,203.9,1.085,2.321999999999999,Mira
14.243,173.06,0.206,2.5540000000000003,Mira
14.495,169.93,0.286,2.333,Mira
14.146,375.8,0.357,3.9259999999999984,Mira
15.507,388.0,0.642,3.296999999999999,Mira
17.294,479.1,1.543,4.0219999999999985,Mira
14.015,231.0,0.172,2.6050000000000004,Mira
15.526,305.7,0.81,2.497,Mira
14.477,577.2,0.408,5.175000000000001,Mira
16.066,350.1,0.615,3.7780000000000022,Mira
14.716,205.7,0.322,2.865,Mira
15.931,445.4,0.73,3.8469999999999995,Mira
13.084,464.5,0.27,3.1900000000000013,Mira
14.459,138.2,0.238,1.6479999999999997,Mira
14.147,251.2,0.183,2.0630000000000006,Mira
16.077,393.6,0.384,3.3629999999999995,Mira
14.272,175.65,0.144,2.232000000000001,Mira
14.148,305.9,0.136,3.7040000000000006,Mira
16.341,473.4,0.821,3.913999999999998,Mira
14.565,206.8,0.303,2.6910000000000007,Mira
14.293,207.8,0.074,1.9550000000000018,Mira
15.652,490.7,2.004,3.8900000000000023,Mira
14.159,258.7,0.206,2.043000000000001,Mira
17.532,329.8,4.411,3.4780000000000015,Mira
16.535,464.0,1.528,3.466000000000001,Mira
15.834,374.3,0.426,2.062999999999999,Mira
14.167,357.0,0.616,4.882,Mira
14.007,162.2,0.125,1.9930000000000003,Mira
13.252,607.5,0.29,4.104000000000001,Mira
14.788,277.0,0.204,3.5869999999999997,Mira
14.435,317.0,0.409,2.610000000000001,Mira
14.497,378.7,0.638,2.9400000000000013,Mira
13.654,428.4,0.441,3.803000000000001,Mira
15.386,372.3,0.86,3.210000000000001,Mira
14.581,232.4,0.322,3.122,Mira
14.182,143.58,0.125,1.9320000000000004,Mira
15.588,436.5,1.18,3.476000000000001,Mira
15.493,343.5,0.847,3.185999999999998,Mira
15.935,495.6,0.587,3.959999999999999,Mira
14.294,256.5,0.365,2.34,Mira
14.406,196.38,0.163,2.5999999999999996,Mira
16.651,358.0,2.246,4.077999999999999,Mira
18.171,359.2,0.528,2.6900000000000013,Mira
17.133,301.1,2.377,2.1709999999999994,Mira
17.332,588.6,3.413,3.2439999999999998,Mira
14.256,198.85,0.176,2.3949999999999996,Mira
16.574,342.4,2.845,3.3419999999999987,Mira
15.323,345.1,0.43,3.0549999999999997,Mira
13.279,467.9,0.551,4.134,Mira
13.481,597.8,0.461,3.9330000000000016,Mira
14.517,165.99,0.319,2.372,Mira
14.889,305.0,0.17,2.724,Mira
16.472,352.7,0.629,3.594999999999999,Mira
17.029,410.7,0.89,3.9810000000000016,Mira
14.005,233.9,0.131,2.592999999999998,Mira
15.759,410.8,0.512,3.2489999999999988,Mira
14.259,302.2,0.134,2.655000000000001,Mira
15.65,389.3,0.577,3.106,Mira
15.933,421.7,0.735,3.5109999999999992,Mira
14.252,323.4,0.355,3.7200000000000006,Mira
14.849,439.6,0.734,3.5169999999999995,Mira
15.542,383.1,0.638,2.9509999999999987,Mira
14.534,499.7,0.38,4.3569999999999975,Mira
17.006,360.6,1.637,2.8039999999999985,Mira
17.579,483.8,3.31,4.574999999999999,Mira
16.088,416.9,1.007,2.8419999999999987,Mira
14.405,290.6,0.14,2.337999999999999,Mira
17.624,464.9,1.097,2.4840000000000018,Mira
14.451,209.1,0.217,2.8649999999999984,Mira
14.136,252.0,0.138,2.0770000000000017,Mira
14.852,206.3,0.444,3.0869999999999997,Mira
14.855,507.1,1.084,3.431000000000001,Mira
15.39,312.4,0.796,2.9499999999999993,Mira
14.405,270.4,0.204,2.5340000000000007,Mira
12.915,465.1,0.218,3.942,Mira
14.022,251.3,0.174,2.9090000000000007,Mira
16.966,219.9,1.292,3.190999999999999,Mira
14.056,362.8,0.171,2.633000000000001,Mira
14.616,293.8,0.33,2.740000000000002,Mira
14.723,325.5,0.476,2.5540000000000003,Mira
14.297,339.7,0.248,3.5009999999999977,Mira
17.061,468.0,1.017,3.1389999999999993,Mira
14.459,134.06,0.143,2.025000000000002,Mira
14.372,311.1,0.331,2.532,Mira
14.98,352.3,0.333,3.8369999999999997,Mira
16.157,475.5,0.804,3.8419999999999987,Mira
17.445,499.1,0.901,4.062000000000001,Mira
16.227,391.6,1.216,4.096,Mira
14.362,329.9,0.335,3.5699999999999985,Mira
16.905,358.9,2.19,4.337,Mira
15.439,325.9,1.16,2.812999999999999,Mira
18.068,301.8,1.06,3.669999999999998,Mira
16.512,387.5,0.498,4.747,Mira
14.36,130.43,0.258,2.0730000000000004,Mira
14.392,177.45,0.258,2.1320000000000014,Mira
15.909,331.5,1.011,2.4290000000000003,Mira
16.93,476.9,2.166,3.370000000000001,Mira
16.744,370.6,1.513,4.033999999999999,Mira
14.416,165.09,0.21,2.347999999999999,Mira
14.902,471.4,0.541,3.113999999999999,Mira
14.79,143.96,0.407,2.522000000000002,Mira
15.891,351.3,0.791,3.199,Mira
17.83,527.5,0.321,3.192,Mira
17.042,542.3,2.081,4.8039999999999985,Mira
14.126,153.54,0.223,2.0760000000000023,Mira
14.456,256.2,0.284,3.0390000000000015,Mira
18.103,529.4,2.195,4.198999999999998,Mira
16.864,400.0,1.401,3.2390000000000008,Mira
15.476,353.2,1.27,2.6579999999999995,Mira
16.444,467.3,1.327,3.121000000000002,Mira
14.297,227.4,0.327,2.591000000000001,Mira
14.8,265.1,0.794,2.5180000000000007,Mira
14.543,400.3,0.605,3.2089999999999996,Mira
14.662,333.7,1.134,1.7789999999999981,Mira
14.797,258.4,0.558,3.2319999999999993,Mira
15.129,355.8,0.995,2.6259999999999994,Mira
14.599,295.5,0.255,2.8840000000000003,Mira
16.479,501.8,2.21,3.8740000000000023,Mira
14.29,175.98,0.343,2.3820000000000014,Mira
14.086,223.1,0.167,2.423,Mira
13.798,337.5,0.408,2.7110000000000003,Mira
14.189,190.79,0.229,2.303000000000001,Mira
14.173,365.0,0.527,3.1820000000000004,Mira
14.736,422.1,0.406,3.6119999999999983,Mira
15.351,439.9,0.911,3.4640000000000004,Mira
16.905,412.7,2.665,3.4209999999999994,Mira
14.521,270.1,0.127,2.312999999999999,Mira
14.159,188.79,0.218,2.3409999999999993,Mira
13.109,636.3,0.369,3.644,Mira
15.62,402.3,1.256,2.99,Mira
15.025,367.0,0.857,3.235000000000001,Mira
16.211,358.7,1.436,3.1700000000000017,Mira
15.475,309.7,0.479,3.805999999999999,Mira
16.461,559.6,3.02,3.3610000000000007,Mira
17.127,368.6,0.915,4.106000000000002,Mira
14.006,377.0,0.086,2.7779999999999987,Mira
14.549,259.2,0.331,2.4190000000000005,Mira
14.563,249.7,0.315,2.203999999999999,Mira
15.505,351.6,1.101,3.601000000000001,Mira
14.523,169.2,0.36,2.5040000000000013,Mira
15.753,469.8,0.743,3.3019999999999996,Mira
14.379,164.59,0.117,2.2810000000000006,Mira
14.23,224.0,0.246,1.9609999999999985,Mira
18.015,373.5,0.57,3.190999999999999,Mira
16.865,597.9,0.273,4.152000000000001,Mira
15.44,312.2,1.384,2.7249999999999996,Mira
14.565,354.7,0.253,2.8149999999999995,Mira
13.797,425.6,0.224,2.5799999999999983,Mira
18.771,582.3,0.641,2.8290000000000006,Mira
15.509,312.9,0.398,3.245000000000001,Mira
14.334,162.08,0.383,1.769000000000002,Mira
17.541,624.0,3.213,4.384999999999998,Mira
14.542,317.2,0.457,2.4139999999999997,Mira
13.094,794.2,0.684,3.282000000000002,Mira
18.099,575.3,0.915,3.689,Mira
17.034,578.8,1.275,3.0360000000000014,Mira
17.986,638.4,0.638,3.5869999999999997,Mira
14.685,251.3,0.196,3.302999999999999,Mira
15.337,307.2,0.675,2.801000000000002,Mira
15.875,341.4,0.688,3.853999999999999,Mira
14.423,166.96,0.142,2.2110000000000003,Mira
15.496,386.4,1.223,2.743999999999998,Mira
14.184,215.3,0.308,2.5969999999999995,Mira
14.119,302.7,0.132,2.3979999999999997,Mira
13.075,394.3,0.212,2.0260000000000016,Mira
17.9,441.1,0.897,4.112000000000002,Mira
16.619,404.4,0.766,3.3919999999999995,Mira
14.195,284.7,0.193,2.2010000000000005,Mira
14.616,401.9,0.482,3.9669999999999987,Mira
14.055,200.8,0.205,2.253,Mira
14.109,171.72,0.362,2.0759999999999987,Mira
14.143,170.68,0.215,2.2429999999999986,Mira
14.157,234.2,0.124,2.7590000000000003,Mira
17.597,390.0,1.686,3.128999999999998,Mira
14.867,173.96,0.343,1.8979999999999997,Mira
14.147,171.75,0.191,2.3089999999999993,Mira
16.24,471.0,0.991,4.161000000000001,Mira
17.576,403.4,1.033,4.2109999999999985,Mira
17.459,481.5,2.391,3.3210000000000015,Mira
14.305,179.42,0.21,2.6799999999999997,Mira
17.287,499.5,3.101,4.353999999999999,Mira
14.343,237.2,0.094,2.497,Mira
14.423,367.5,0.345,3.0340000000000007,Mira
15.43,379.7,0.675,3.4780000000000015,Mira
14.327,319.4,0.458,2.6289999999999996,Mira
14.983,307.4,0.355,2.9849999999999994,Mira
13.152,543.4,0.255,4.0230000000000015,Mira
15.081,386.6,0.388,3.0360000000000014,Mira
14.835,370.4,0.562,2.164999999999999,Mira
14.204,292.6,0.402,2.289999999999999,Mira
14.585,174.74,0.183,2.628,Mira
14.174,183.04,0.535,2.5390000000000015,Mira
14.281,294.9,0.402,2.700000000000001,Mira
14.843,107.04,0.309,2.2010000000000005,Mira
14.926,248.3,0.227,3.5679999999999996,Mira
14.163,288.1,0.327,2.1430000000000007,Mira
14.597,223.7,0.17,2.296000000000001,Mira
14.227,188.71,0.204,2.320999999999998,Mira
16.334,423.9,1.889,3.0740000000000016,Mira
13.863,338.2,0.231,3.309000000000001,Mira
14.817,146.99,0.201,2.4549999999999983,Mira
14.616,347.5,0.201,3.0139999999999993,Mira
14.152,200.1,0.084,1.863999999999999,Mira
17.983,407.4,1.521,3.728999999999999,Mira
15.937,369.3,1.411,2.295,Mira
14.731,120.68,0.231,2.264000000000001,Mira
15.205,309.2,1.522,2.3050000000000015,Mira
16.231,318.2,0.75,2.971,Mira
15.088,369.2,0.587,3.221000000000002,Mira
16.329,383.8,1.337,2.625,Mira
19.002,578.9,1.017,2.529,Mira
16.278,443.1,1.269,3.66,Mira
17.052,511.2,1.012,1.783999999999999,Mira
16.062,389.4,1.265,2.9220000000000006,Mira
17.064,363.1,1.768,3.433,Mira
14.384,314.6,0.126,2.343,Mira
14.81,127.66,0.273,2.145999999999999,Mira
14.096,306.3,0.136,2.3979999999999997,Mira
14.391,228.2,0.613,2.639999999999999,Mira
15.669,313.8,1.053,3.0539999999999985,Mira
16.212,268.7,0.988,2.3200000000000003,Mira
16.559,655.6,0.456,2.4659999999999975,Mira
14.376,322.0,0.306,2.6029999999999998,Mira
14.071,311.5,0.177,2.417,Mira
14.639,319.1,0.357,3.0600000000000023,Mira
14.137,431.6,0.648,3.585000000000001,Mira
14.413,439.0,0.613,3.158999999999999,Mira
14.423,375.5,0.916,3.7009999999999987,Mira
13.09,613.4,0.673,3.862000000000002,Mira
18.15,486.5,1.357,2.397000000000002,Mira
14.349,305.3,0.349,2.5090000000000003,Mira
14.263,205.5,0.102,2.494999999999999,Mira
16.751,358.7,1.93,3.7049999999999983,Mira
14.862,352.3,0.579,2.324,Mira
13.918,179.89,0.109,2.1530000000000022,Mira
16.724,310.1,0.931,0.8460000000000001,Mira
14.668,332.7,0.409,2.9780000000000015,Mira
14.327,449.9,0.145,3.5989999999999984,Mira
18.138,459.2,1.675,4.001999999999999,Mira
14.361,246.1,0.198,2.7300000000000004,Mira
14.234,317.9,0.193,2.5119999999999987,Mira
14.483,395.9,0.432,3.0809999999999995,Mira
14.145,190.98,0.192,2.524000000000001,Mira
17.169,479.5,0.813,3.748000000000001,Mira
15.867,389.6,0.991,4.645,Mira
15.124,378.2,0.527,3.2279999999999998,Mira
14.423,298.1,0.175,2.3199999999999985,Mira
14.501,225.1,0.207,1.9779999999999998,Mira
15.722,331.4,0.636,3.3770000000000007,Mira
14.625,254.4,0.351,3.029,Mira
13.975,284.3,0.24,3.0600000000000005,Mira
14.194,286.7,0.205,2.290000000000001,Mira
18.488,529.6,1.072,3.1739999999999995,Mira
14.581,331.1,0.395,2.647000000000002,Mira
14.365,231.0,0.463,2.3390000000000004,Mira
14.416,279.7,0.311,2.1359999999999992,Mira
14.773,182.64,0.325,1.8679999999999986,Mira
17.284,375.1,1.986,3.9470000000000027,Mira
14.259,386.7,0.395,3.0040000000000013,Mira
16.491,441.7,2.378,4.211000000000002,Mira
14.142,152.25,0.264,1.9130000000000003,Mira
16.033,418.2,0.337,3.099,Mira
14.229,282.5,0.264,2.242000000000001,Mira
14.44,347.5,0.215,2.854000000000001,Mira
14.525,240.5,0.408,2.1049999999999986,Mira
16.249,468.4,0.709,3.245000000000001,Mira
17.488,271.7,1.675,3.330000000000002,Mira
17.029,409.3,0.509,4.032,Mira
14.217,193.48,0.189,2.2219999999999995,Mira
17.49,530.8,1.473,1.8620000000000019,Mira
14.114,184.19,0.169,1.9529999999999994,Mira
16.973,364.3,0.961,2.719000000000001,Mira
12.865,559.5,0.147,4.284000000000001,Mira
16.918,472.0,2.743,4.2989999999999995,Mira
13.447,357.7,0.205,2.931000000000001,Mira
14.183,320.8,0.103,2.594000000000001,Mira
15.137,390.2,0.851,3.026,Mira
14.74,281.1,0.35,3.324,Mira
14.69,176.24,0.287,2.4700000000000006,Mira
14.799,304.7,0.23,2.5519999999999996,Mira
17.784,678.8,0.568,2.2959999999999994,Mira
17.683,645.6,0.463,2.719999999999999,Mira
14.239,352.7,0.179,2.468,Mira
13.757,263.4,0.246,2.506000000000002,Mira
14.08,166.79,0.228,2.043000000000001,Mira
16.325,439.8,0.462,3.940999999999999,Mira
17.177,547.3,1.676,3.527000000000001,Mira
14.031,248.2,0.208,2.700000000000001,Mira
20.031,521.3,1.417,1.2620000000000005,Mira
16.995,336.0,0.462,3.9929999999999986,Mira
14.481,281.2,0.215,2.487,Mira
14.473,204.8,0.211,2.8070000000000004,Mira
16.433,485.8,1.893,3.061,Mira
14.397,314.7,0.414,2.432999999999998,Mira
15.97,564.6,0.79,2.4109999999999996,Mira
14.118,218.0,0.421,2.3229999999999986,Mira
15.436,287.8,0.574,2.1900000000000013,Mira
14.831,209.1,0.52,3.376999999999999,Mira
15.26,416.2,0.924,2.8430000000000017,Mira
14.728,291.0,0.413,2.325000000000001,Mira
16.279,401.5,0.801,3.5869999999999997,Mira
14.402,262.1,0.431,3.0170000000000012,Mira
14.381,424.9,0.307,4.315999999999999,Mira
15.363,307.8,1.112,2.3979999999999997,Mira
15.899,496.5,1.862,3.9139999999999997,Mira
17.361,361.4,2.818,2.7059999999999995,Mira
16.506,396.8,0.934,3.637999999999998,Mira
16.508,328.0,0.753,2.996000000000002,Mira
14.579,283.4,0.142,2.3919999999999995,Mira
16.659,403.9,0.788,3.5360000000000014,Mira
15.465,435.7,0.703,3.6389999999999993,Mira
16.215,473.7,0.662,3.7959999999999994,Mira
14.246,254.4,0.232,3.052999999999999,Mira
15.781,347.3,0.505,2.889000000000001,Mira
15.273,339.6,1.111,3.1819999999999986,Mira
14.635,272.0,0.16,2.3370000000000015,Mira
14.177,266.5,0.522,2.8880000000000017,Mira
14.191,179.88,0.249,2.049999999999999,Mira
13.954,375.3,0.305,3.431000000000001,Mira
13.385,386.1,0.739,4.313000000000001,Mira
17.058,424.1,0.648,3.338000000000001,Mira
14.013,277.6,0.286,3.0359999999999996,Mira
14.939,209.2,0.652,2.872,Mira
15.192,109.23,0.216,2.358999999999998,Mira
14.094,172.64,0.145,2.1289999999999996,Mira
16.579,535.0,1.41,2.8610000000000007,Mira
14.089,382.9,0.176,3.587999999999999,Mira
19.439,573.4,0.617,0.30799999999999983,Mira
16.32,332.7,0.699,3.7070000000000007,Mira
14.697,127.98,0.147,2.216000000000001,Mira
16.725,327.7,2.017,3.8949999999999996,Mira
17.515,451.2,1.032,3.431000000000001,Mira
14.787,169.07,0.132,2.7329999999999988,Mira
14.987,347.2,0.369,3.4010000000000016,Mira
17.769,458.5,2.373,3.918000000000003,Mira
15.592,309.4,0.426,3.2539999999999996,Mira
14.198,255.4,0.171,3.0199999999999996,Mira
15.094,336.7,0.73,2.642999999999999,Mira
14.09,250.2,0.191,2.716000000000001,Mira
14.775,272.1,0.583,3.705,Mira
17.198,374.4,0.664,3.033999999999999,Mira
14.133,166.97,0.157,2.2250000000000014,Mira
14.944,256.8,0.193,2.717999999999998,Mira
14.27,308.6,0.348,2.821999999999999,Mira
15.117,432.9,0.72,3.5599999999999987,Mira
17.491,339.0,1.806,4.2059999999999995,Mira
19.773,605.8,0.691,1.4819999999999993,Mira
14.56,240.9,0.234,3.077,Mira
14.83,175.41,0.316,2.6190000000000015,Mira
16.089,500.8,0.909,3.623000000000001,Mira
17.81,524.0,1.611,4.058,Mira
15.179,109.4,0.235,2.4300000000000015,Mira
14.238,300.6,0.212,2.4619999999999997,Mira
16.867,483.8,0.503,3.5809999999999995,Mira
15.667,433.4,0.273,3.7380000000000013,Mira
14.476,221.8,0.416,2.1419999999999977,Mira
14.561,135.2,0.235,2.2029999999999994,Mira
14.396,228.1,0.362,2.003,Mira
14.282,561.0,0.428,3.4869999999999983,Mira
17.08,450.3,0.988,3.2290000000000028,Mira
17.809,544.4,3.006,2.128,Mira
14.989,400.4,0.476,3.6630000000000003,Mira
18.027,505.8,3.549,3.440999999999999,Mira
14.211,249.6,0.214,2.9930000000000003,Mira
16.833,335.4,0.947,3.3420000000000023,Mira
15.683,367.2,0.734,3.6960000000000015,Mira
14.111,135.39,0.252,1.8679999999999986,Mira
16.028,286.1,1.068,3.3949999999999996,Mira
16.716,259.5,0.694,2.626999999999999,Mira
14.378,277.0,0.315,2.535,Mira
16.049,484.5,1.596,3.338000000000001,Mira
13.994,245.6,0.274,2.6340000000000003,Mira
14.374,273.5,0.146,2.5319999999999983,Mira
17.113,337.8,0.992,3.465,Mira
14.633,293.9,0.193,2.615000000000002,Mira
17.327,393.7,1.327,2.5429999999999993,Mira
14.925,354.0,0.678,2.9349999999999987,Mira
12.905,829.6,0.429,3.9270000000000014,Mira
14.228,192.4,0.228,1.721,Mira
15.696,348.9,0.888,3.1959999999999997,Mira
17.069,418.0,0.624,4.335000000000001,Mira
15.584,333.9,0.701,3.0760000000000005,Mira
14.766,138.73,0.25,2.3259999999999987,Mira
17.058,476.9,0.808,4.396000000000001,Mira
16.515,322.4,1.435,2.093,Mira
15.171,119.98,0.15,2.4170000000000016,Mira
14.59,127.6,0.124,2.0440000000000005,Mira
18.068,309.4,0.91,2.068999999999999,Mira
15.087,343.1,1.079,2.408999999999999,Mira
17.425,446.7,1.688,3.7390000000000008,Mira
14.225,261.0,0.168,2.087999999999999,Mira
15.964,414.3,1.475,4.1,Mira
14.93,203.5,0.837,3.0090000000000003,Mira
14.729,262.3,0.609,3.1270000000000024,Mira
18.324,447.0,0.912,3.0849999999999973,Mira
15.789,308.1,0.814,3.0860000000000003,Mira
15.758,428.8,0.384,2.1679999999999993,Mira
14.712,334.2,0.515,2.7059999999999995,Mira
14.301,172.87,0.194,2.4109999999999996,Mira
15.023,427.2,1.082,2.654,Mira
14.834,431.5,0.294,3.3249999999999993,Mira
14.203,412.6,0.379,3.9780000000000015,Mira
15.439,409.1,1.262,3.1750000000000007,Mira
14.726,527.3,0.869,3.5139999999999976,Mira
17.223,426.0,1.064,3.6900000000000013,Mira
14.205,389.2,0.32,4.513,Mira
14.512,287.0,0.293,3.128,Mira
15.926,414.3,0.939,3.4990000000000006,Mira
15.804,469.7,0.473,3.8089999999999993,Mira
15.797,336.8,0.947,2.690999999999999,Mira
14.209,246.7,0.166,2.6260000000000012,Mira
16.292,472.1,1.247,4.087999999999997,Mira
14.384,326.7,0.471,2.4570000000000007,Mira
15.043,257.5,0.39,3.0459999999999994,Mira
16.54,480.8,1.114,3.1690000000000005,Mira
13.399,391.6,0.608,3.0200000000000014,Mira
14.165,270.0,0.255,2.8249999999999993,Mira
15.44,552.2,2.337,3.49,Mira
14.292,197.69,0.201,2.3179999999999996,Mira
14.944,232.4,0.569,2.0709999999999997,Mira
14.247,325.9,0.249,2.5680000000000014,Mira
15.552,213.9,0.304,3.3260000000000005,Mira
14.252,174.28,0.205,2.9960000000000004,Mira
14.627,124.83,0.353,1.8949999999999978,Mira
16.702,468.8,1.275,3.331999999999997,Mira
16.209,399.6,0.488,2.8560000000000016,Mira
16.147,344.0,0.886,3.373000000000001,Mira
15.029,257.8,0.649,2.849,Mira
14.877,335.2,0.297,2.74,Mira
17.335,466.0,1.636,3.565999999999999,Mira
14.439,130.37,0.143,2.036999999999999,Mira
17.084,475.4,0.425,3.7950000000000017,Mira
14.367,269.8,0.241,3.0649999999999977,Mira
15.71,288.2,0.589,2.4979999999999976,Mira
16.839,433.3,1.157,3.625,Mira
15.589,364.6,1.181,2.354000000000001,Mira
14.946,477.1,0.611,2.767999999999999,Mira
14.215,313.5,0.368,2.4559999999999995,Mira
14.238,309.4,0.157,2.5199999999999996,Mira
16.214,404.7,0.66,2.844000000000001,Mira
14.341,183.45,0.298,2.5470000000000024,Mira
14.338,285.6,0.121,2.4320000000000004,Mira
14.853,313.4,0.523,3.0069999999999997,Mira
13.333,684.5,0.571,3.773999999999999,Mira
15.363,301.8,0.419,2.5130000000000017,Mira
14.131,306.7,0.242,2.3049999999999997,Mira
14.581,298.2,0.41,2.4890000000000008,Mira
14.16,313.8,0.222,2.495000000000001,Mira
16.618,469.7,1.14,3.266000000000002,Mira
13.654,859.1,0.5,3.2639999999999993,Mira
14.586,296.3,0.227,2.5349999999999984,Mira
14.263,324.8,0.45,2.3579999999999988,Mira
14.174,263.4,0.089,2.115000000000002,Mira
17.961,466.0,1.34,1.311,Mira
14.352,243.5,0.503,2.687999999999999,Mira
16.07,415.6,0.335,3.728999999999999,Mira
14.294,325.8,0.288,2.4899999999999984,Mira
16.021,424.4,1.043,3.2749999999999986,Mira
14.459,331.7,0.288,3.0549999999999997,Mira
14.173,313.7,0.217,3.4300000000000015,Mira
13.681,530.7,0.247,2.546000000000001,Mira
15.68,403.7,1.36,3.0120000000000005,Mira
14.6,306.5,0.113,2.5589999999999993,Mira
14.141,244.1,0.157,2.115,Mira
14.191,227.2,0.481,1.9109999999999996,Mira
14.055,218.5,0.097,1.934000000000001,Mira
14.087,303.1,0.174,2.3150000000000013,Mira
15.29,288.9,0.635,2.6380000000000017,Mira
15.687,397.5,1.281,2.913000000000002,Mira
14.74,119.91,0.242,2.339999999999998,Mira
16.921,466.9,0.938,3.737000000000002,Mira
17.292,484.7,0.933,4.008999999999997,Mira
17.287,375.1,1.014,3.6580000000000013,Mira
14.556,268.2,0.439,2.5170000000000012,Mira
14.479,199.94,0.393,2.5700000000000003,Mira
14.718,355.2,0.452,3.2669999999999995,Mira
14.811,213.3,0.287,2.032,Mira
17.113,518.9,2.124,3.8689999999999998,Mira
16.15,420.8,0.506,3.1000000000000014,Mira
14.672,326.5,0.144,2.8230000000000004,Mira
13.691,336.7,0.583,3.115,Mira
16.393,435.5,1.464,2.899000000000001,Mira
18.493,454.3,0.394,3.371000000000002,Mira
16.86,500.8,1.341,4.305,Mira
14.236,163.69,0.279,2.1469999999999985,Mira
14.418,480.1,0.702,3.346,Mira
15.029,206.4,0.265,3.0829999999999984,Mira
15.643,398.9,0.605,3.8939999999999984,Mira
15.918,390.7,1.334,2.9619999999999997,Mira
14.173,362.8,0.172,2.8970000000000002,Mira
15.213,263.9,0.284,2.5630000000000006,Mira
14.393,223.5,0.35,2.9929999999999986,Mira
15.546,300.5,1.069,2.679000000000002,Mira
17.977,548.2,2.96,4.4879999999999995,Mira
18.646,570.3,0.525,2.722999999999999,Mira
17.254,443.4,0.344,3.514999999999997,Mira
16.643,386.0,0.769,3.460000000000001,Mira
14.269,298.6,0.227,2.9910000000000014,Mira
15.208,363.6,0.616,2.9719999999999995,Mira
14.836,108.6,0.178,2.0649999999999995,Mira
14.426,323.2,0.171,2.8710000000000004,Mira
14.197,254.3,0.129,2.8260000000000005,Mira
15.456,270.9,1.043,2.782,Mira
14.217,397.9,0.192,3.0619999999999994,Mira
18.393,580.4,3.268,3.0150000000000006,Mira
14.163,269.8,0.675,3.3180000000000014,Mira
16.008,390.7,0.86,3.3190000000000026,Mira
17.196,419.8,0.787,3.5459999999999994,Mira
16.709,374.4,1.319,2.402000000000001,Mira
14.19,246.2,0.333,2.8439999999999994,Mira
14.381,185.79,0.167,2.3389999999999986,Mira
15.725,478.5,0.58,3.918000000000001,Mira
14.118,241.3,0.214,2.822000000000001,Mira
17.317,505.6,2.495,3.8689999999999998,Mira
14.188,445.1,0.342,2.7170000000000005,Mira
15.553,480.5,0.978,2.853999999999999,Mira
14.311,222.8,0.404,4.282,Mira
14.437,219.4,0.166,2.9680000000000017,Mira
14.245,302.6,0.125,2.349000000000002,Mira
14.362,258.7,0.086,2.264999999999999,Mira
14.232,239.1,0.315,2.9520000000000017,Mira
17.441,416.5,0.3,2.5700000000000003,Mira
14.031,160.91,0.134,1.927999999999999,Mira
14.391,351.2,0.261,2.700000000000001,Mira
14.792,319.6,0.351,2.700000000000001,Mira
14.768,395.6,0.864,3.1499999999999986,Mira
14.427,174.22,0.177,2.471,Mira
14.626,242.6,0.606,3.043000000000001,Mira
14.612,303.4,0.26,2.6029999999999998,Mira
14.278,258.3,0.426,2.110000000000001,Mira
16.579,481.0,0.917,3.3419999999999987,Mira
15.969,327.7,1.255,3.1899999999999995,Mira
14.687,208.3,0.287,3.1130000000000013,Mira
14.823,231.5,0.824,2.2910000000000004,Mira
17.484,479.8,1.599,3.6919999999999966,Mira
16.25,242.5,0.412,2.3520000000000003,Mira
14.241,182.08,0.128,2.3520000000000003,Mira
14.268,326.9,0.659,2.4879999999999995,Mira
15.077,113.45,0.429,2.5610000000000017,Mira
16.326,428.4,1.093,3.033999999999999,Mira
14.363,473.5,0.449,3.372,Mira
14.608,381.5,0.281,3.1400000000000006,Mira
16.777,438.6,1.585,5.189999999999998,Mira
13.503,715.3,0.594,3.9579999999999984,Mira
14.138,254.4,0.623,2.7840000000000007,Mira
14.622,253.8,0.167,3.257999999999999,Mira
14.877,410.5,0.142,3.583,Mira
14.095,172.17,0.224,2.3199999999999985,Mira
14.73,148.02,0.169,2.59,Mira
14.004,252.7,0.169,2.087999999999999,Mira
14.322,304.4,0.193,2.487000000000002,Mira
13.072,413.7,0.168,3.5429999999999993,Mira
16.474,459.2,0.642,2.539999999999999,Mira
14.204,207.1,0.466,2.2369999999999983,Mira
14.755,161.4,0.353,2.4779999999999998,Mira
15.959,533.6,2.422,2.522000000000002,Mira
14.196,326.5,0.158,2.423,Mira
19.411,590.4,0.479,1.8989999999999974,Mira
14.918,411.9,0.522,3.2570000000000014,Mira
14.392,186.87,0.278,2.344000000000001,Mira
14.906,333.2,0.478,2.891,Mira
14.781,343.2,0.27,3.2479999999999993,Mira
14.566,377.4,0.49,2.987,Mira
16.956,361.8,1.22,3.4450000000000003,Mira
14.328,202.7,0.241,2.564,Mira
15.295,378.0,0.473,3.116999999999999,Mira
14.154,343.9,0.092,2.6209999999999987,Mira
14.213,260.4,0.533,2.8819999999999997,Mira
12.577,570.1,0.262,3.511000000000001,Mira
15.184,414.3,1.035,3.7230000000000008,Mira
16.38,443.6,0.516,3.464000000000002,Mira
15.282,275.2,0.754,2.6080000000000005,Mira
13.739,300.2,0.328,2.631999999999998,Mira
18.738,482.2,0.621,2.9849999999999994,Mira
16.019,450.0,0.731,3.298000000000002,Mira
14.197,181.09,0.269,2.59,Mira
16.995,329.5,1.846,3.567999999999998,Mira
16.134,409.7,0.429,3.2680000000000007,Mira
16.165,465.5,1.987,2.814,Mira
13.188,370.8,0.348,2.032,Mira
16.279,349.1,0.629,3.0839999999999996,Mira
15.086,333.6,0.806,4.307,Mira
15.688,302.8,1.316,2.4189999999999987,Mira
14.905,219.7,0.913,2.116999999999999,Mira
16.515,562.3,0.694,3.7079999999999984,Mira
14.489,167.51,0.306,2.474999999999998,Mira
14.464,358.5,0.221,3.8469999999999995,Mira
14.399,268.7,0.291,2.2700000000000014,Mira
17.6,592.0,5.374,2.7459999999999987,Mira
16.289,323.4,1.526,2.850999999999999,Mira
14.964,394.8,0.362,3.01,Mira
14.204,208.8,0.22,2.687999999999999,Mira
16.65,317.1,1.446,2.277000000000001,Mira
16.583,456.4,0.873,4.036000000000001,Mira
15.895,350.2,1.036,2.8260000000000005,Mira
14.012,420.0,0.187,2.5489999999999995,Mira
12.976,643.7,0.506,3.3729999999999993,Mira
14.272,125.33,0.139,1.984,Mira
14.207,183.84,0.13,2.382999999999999,Mira
15.632,398.4,1.362,2.891,Mira
17.083,487.3,1.051,3.4790000000000028,Mira
15.036,280.4,0.356,3.2790000000000017,Mira
14.151,378.0,0.677,3.8069999999999986,Mira
16.171,416.0,0.865,3.225999999999999,Mira
16.397,408.1,0.885,4.754000000000001,Mira
15.815,402.8,0.449,2.817000000000002,Mira
14.437,302.5,0.185,3.299999999999999,Mira
17.149,508.6,1.601,3.695999999999998,Mira
14.242,272.7,0.202,3.035999999999998,Mira
14.16,340.3,0.348,2.571999999999999,Mira
14.187,242.7,0.21,2.8430000000000017,Mira
16.534,361.2,0.51,3.2970000000000006,Mira
16.939,403.9,1.889,3.309000000000001,Mira
15.681,396.5,1.504,3.3420000000000005,Mira
14.341,413.6,0.362,2.613999999999999,Mira
15.577,390.1,1.28,2.9640000000000004,Mira
14.137,247.7,0.12,2.539999999999999,Mira
15.72,302.9,0.666,3.171999999999999,Mira
14.807,153.87,0.301,2.927999999999999,Mira
17.882,450.5,0.836,2.982999999999997,Mira
14.538,196.43,0.218,2.8790000000000013,Mira
14.242,292.9,0.308,2.478999999999999,Mira
16.259,479.4,0.625,3.4179999999999993,Mira
14.754,304.2,0.422,2.730000000000002,Mira
15.294,304.7,0.326,2.5380000000000003,Mira
17.155,488.3,2.593,3.5090000000000003,Mira
15.912,387.2,0.864,2.060999999999998,Mira
14.396,358.7,0.203,2.2360000000000007,Mira
14.554,362.7,0.628,2.8549999999999986,Mira
12.896,546.7,0.372,3.3320000000000007,Mira
15.25,297.2,1.4,2.646000000000001,Mira
14.164,147.76,0.149,1.918000000000001,Mira
15.778,410.5,1.182,2.9799999999999986,Mira
16.472,318.0,1.236,2.939,Mira
15.966,468.8,1.335,3.635,Mira
15.035,420.3,0.407,3.271000000000001,Mira
15.09,160.68,0.145,3.007999999999999,Mira
16.699,492.4,1.611,2.689,Mira
14.806,203.8,0.516,3.4060000000000006,Mira
15.097,147.96,0.314,2.58,Mira
13.108,448.1,0.478,2.995000000000001,Mira
17.932,531.5,0.47,3.4990000000000023,Mira
14.851,321.2,0.413,3.025999999999998,Mira
14.717,233.3,0.701,3.258000000000001,Mira
14.637,216.7,0.236,2.164999999999999,Mira
15.358,497.0,0.844,3.367000000000001,Mira
14.111,202.2,0.314,2.41,Mira
14.412,217.4,0.314,3.106,Mira
14.288,316.6,0.632,3.678000000000001,Mira
14.818,275.2,0.449,3.1450000000000014,Mira
14.122,209.3,0.285,2.396000000000001,Mira
15.406,352.6,0.899,3.3409999999999993,Mira
16.029,560.0,1.356,3.8389999999999986,Mira
14.068,359.1,0.14,3.038000000000002,Mira
14.217,314.3,0.42,2.551,Mira
14.657,174.31,0.224,2.5390000000000015,Mira
14.657,436.0,0.184,3.6529999999999987,Mira
15.352,185.36,1.284,2.184000000000001,Mira
16.959,537.0,1.984,2.9130000000000003,Mira
14.251,158.26,0.26,2.270999999999999,Mira
14.728,319.9,0.297,2.333,Mira
14.77,308.6,0.552,2.3820000000000014,Mira
14.084,246.7,0.483,2.213000000000001,Mira
14.601,265.6,0.331,3.115999999999998,Mira
14.409,346.3,0.308,2.5619999999999994,Mira
14.302,258.3,0.435,2.399000000000001,Mira
14.52,264.0,0.207,2.679000000000002,Mira
13.061,602.1,0.372,3.5809999999999995,Mira
16.509,227.3,0.887,2.3049999999999997,Mira
15.154,403.2,1.144,3.0869999999999997,Mira
14.165,309.0,0.138,2.4450000000000003,Mira
14.337,324.9,0.298,2.6189999999999998,Mira
14.229,276.7,0.996,2.896000000000001,Mira
16.721,438.0,3.408,2.561,Mira
16.083,358.4,0.576,3.269000000000002,Mira
14.209,274.0,0.168,2.3709999999999987,Mira
16.94,405.0,0.969,3.831999999999997,Mira
14.632,265.4,0.441,2.3839999999999986,Mira
16.638,432.9,0.625,3.4769999999999968,Mira
14.356,151.21,0.268,2.08,Mira
15.479,116.68,0.192,2.4730000000000025,Mira
18.71,511.0,1.362,3.2010000000000005,Mira
14.257,177.58,0.157,2.3100000000000005,Mira
12.421,522.5,0.266,3.287000000000001,Mira
14.186,224.2,0.159,2.4299999999999997,Mira
18.298,531.2,1.641,3.8880000000000017,Mira
15.218,343.1,1.001,3.155999999999999,Mira
15.661,438.8,0.782,2.724000000000002,Mira
16.931,238.5,0.377,2.3200000000000003,Mira
15.759,358.2,0.356,3.210000000000001,Mira
14.629,251.7,0.187,2.1740000000000013,Mira
14.232,189.22,0.234,2.4450000000000003,Mira
14.281,113.58,0.192,1.5510000000000002,Mira
14.347,230.6,0.332,2.5540000000000003,Mira
14.718,327.6,0.339,3.0489999999999995,Mira
17.677,373.4,0.853,3.5139999999999993,Mira
14.338,476.3,0.459,3.552999999999999,Mira
16.24,363.8,1.656,3.828000000000003,Mira
15.69,331.2,0.373,3.269,Mira
15.311,307.5,0.703,2.562000000000001,Mira
16.352,248.6,1.609,2.480999999999998,Mira
15.346,354.0,0.439,3.094000000000001,Mira
17.12,483.6,3.229,4.884,Mira
18.463,433.9,0.238,3.5599999999999987,Mira
16.792,444.4,0.599,3.2879999999999967,Mira
15.15,323.2,0.894,2.6820000000000004,Mira
15.324,348.2,0.733,3.2159999999999993,Mira
14.582,303.2,0.109,2.753,Mira
14.629,231.0,0.236,2.889000000000001,Mira
15.37,397.6,0.708,3.352000000000002,Mira
14.286,144.78,0.275,2.008000000000001,Mira
16.327,364.6,1.466,2.8089999999999975,Mira
14.192,163.73,0.197,2.1630000000000003,Mira
16.483,481.5,1.61,3.812999999999999,Mira
14.828,205.4,0.687,3.1739999999999995,Mira
14.062,219.3,0.149,2.663000000000002,Mira
12.178,604.9,0.353,2.936,Mira
14.751,319.7,0.212,4.039,Mira
17.784,473.5,1.559,2.6690000000000005,Mira
15.723,374.9,0.433,2.542,Mira
14.22,165.14,0.293,2.2769999999999992,Mira
14.863,253.1,0.29,2.8240000000000016,Mira
16.084,390.3,0.703,3.282,Mira
14.331,468.9,0.217,3.4559999999999995,Mira
13.045,534.8,0.175,2.8870000000000005,Mira
14.144,224.2,0.172,2.6800000000000015,Mira
14.549,385.1,0.299,3.0710000000000015,Mira
12.397,650.1,0.275,3.295,Mira
14.311,175.74,0.197,2.2699999999999996,Mira
14.416,413.2,0.28,3.341000000000001,Mira
15.365,353.1,0.555,3.046000000000001,Mira
15.589,282.8,0.462,2.6079999999999988,Mira
15.504,488.3,0.586,3.947000000000001,Mira
14.315,282.2,0.128,2.546999999999999,Mira
14.38,172.1,0.101,2.3839999999999986,Mira
14.447,366.3,0.309,3.2119999999999997,Mira
14.83,337.1,0.815,2.4999999999999982,Mira
14.206,240.1,0.717,2.966000000000001,Mira
14.598,272.3,0.493,3.0950000000000006,Mira
14.423,206.0,0.452,2.9779999999999998,Mira
14.739,182.78,0.551,2.7070000000000007,Mira
16.519,316.6,0.891,2.5500000000000007,Mira
14.319,174.2,0.179,2.4829999999999988,Mira
15.001,378.1,0.514,2.889999999999999,Mira
14.475,191.97,0.448,2.860999999999999,Mira
15.751,494.0,0.887,3.503000000000002,Mira
16.962,461.9,2.524,4.274999999999999,Mira
15.931,321.1,1.18,3.087999999999999,Mira
14.437,285.9,0.482,2.709999999999999,Mira
16.168,468.0,1.473,2.9540000000000006,Mira
14.309,338.0,0.363,2.7509999999999994,Mira
17.448,458.5,1.289,3.655000000000001,Mira
15.74,533.9,1.171,3.758000000000001,Mira
14.391,208.9,0.223,1.8720000000000017,Mira
14.986,403.7,0.456,3.501999999999999,Mira
14.367,181.76,0.52,2.7459999999999987,Mira
14.567,350.4,0.319,3.5700000000000003,Mira
14.77,308.6,0.34,2.585000000000001,Mira
14.554,357.7,0.307,3.452,Mira
15.199,103.56,0.241,2.160000000000002,Mira
19.808,549.9,0.258,1.4879999999999995,Mira
15.673,369.4,0.756,3.1229999999999993,Mira
18.247,806.9,0.397,2.3930000000000007,Mira
15.838,442.3,1.661,2.8950000000000014,Mira
14.687,348.1,0.8,2.484,Mira
15.804,553.4,0.758,3.7230000000000008,Mira
14.349,277.4,0.183,2.785,Mira
14.971,227.5,0.351,2.219999999999999,Mira
14.398,213.5,0.299,2.844999999999999,Mira
14.233,226.1,0.107,2.7560000000000002,Mira
14.312,421.5,0.284,3.0170000000000012,Mira
14.231,318.5,0.245,2.494999999999999,Mira
14.812,218.6,0.109,2.0870000000000015,Mira
17.796,376.5,0.378,3.902000000000001,Mira
17.996,454.8,1.429,2.812000000000001,Mira
15.414,293.1,1.065,2.8660000000000014,Mira
14.741,393.3,0.681,2.751999999999999,Mira
16.32,425.5,1.198,3.34,Mira
15.553,337.8,0.731,2.9770000000000003,Mira
14.641,351.7,0.378,2.667,Mira
16.823,330.1,2.529,3.335000000000001,Mira
17.173,394.0,2.695,3.5040000000000013,Mira
14.142,307.8,0.096,2.460000000000001,Mira
15.021,328.5,0.475,2.6950000000000003,Mira
14.231,417.3,0.224,3.8310000000000013,Mira
14.551,334.6,0.197,2.8630000000000013,Mira
16.078,378.6,0.94,2.9430000000000014,Mira
17.621,128.7,1.295,3.035,Mira
14.638,240.4,0.319,2.5840000000000014,Mira
12.982,514.7,0.144,3.4190000000000005,Mira
14.841,112.49,0.247,2.133000000000001,Mira
14.901,395.8,0.862,3.713000000000001,Mira
14.663,326.2,0.326,2.6320000000000014,Mira
18.46,573.7,2.92,1.8389999999999986,Mira
17.173,487.5,3.317,3.6900000000000013,Mira
14.924,204.2,0.51,3.341000000000001,Mira
13.998,158.36,0.153,2.2279999999999998,Mira
14.912,307.6,0.205,2.807999999999998,Mira
15.965,319.3,1.625,3.0219999999999985,Mira
15.409,332.8,1.056,2.854000000000001,Mira
15.724,374.9,0.778,3.8230000000000004,Mira
16.661,383.9,1.967,3.6359999999999992,Mira
14.988,169.29,0.406,2.936,Mira
15.013,412.4,1.04,3.5939999999999994,Mira
14.085,215.6,0.227,2.3679999999999986,Mira
16.501,492.9,0.937,3.9179999999999993,Mira
14.81,334.2,0.376,2.994999999999999,Mira
14.669,255.3,0.22,3.9229999999999983,Mira
17.468,331.0,0.721,3.4770000000000003,Mira
14.285,418.5,0.308,3.3249999999999993,Mira
14.667,326.4,0.335,2.741999999999999,Mira
14.153,248.7,0.129,2.7239999999999984,Mira
14.65,331.2,0.134,4.130000000000001,Mira
14.425,248.9,0.354,2.759999999999998,Mira
14.728,224.7,0.25,2.8819999999999997,Mira
15.63,340.9,0.375,3.208999999999998,Mira
17.924,525.5,3.784,5.57,Mira
15.49,404.0,0.662,2.8749999999999982,Mira
15.504,300.2,0.157,3.144,Mira
14.509,259.6,0.207,2.5440000000000005,Mira
18.715,539.1,2.136,3.651,Mira
14.791,344.1,0.343,2.896000000000001,Mira
16.146,423.2,1.025,2.5139999999999993,Mira
14.398,296.0,0.346,2.4510000000000005,Mira
16.055,425.1,0.788,3.4800000000000004,Mira
15.989,323.3,0.423,3.5090000000000003,Mira
16.2,443.3,1.94,3.025000000000002,Mira
16.312,281.5,2.194,4.099999999999998,Mira
13.238,322.9,0.272,2.5700000000000003,Mira
18.092,422.3,1.632,3.713000000000001,Mira
14.788,133.73,0.198,2.3610000000000007,Mira
14.52,378.0,0.626,2.6679999999999993,Mira
14.667,311.4,0.208,3.112,Mira
14.855,154.17,0.091,2.5509999999999984,Mira
15.22,328.5,0.53,2.926999999999998,Mira
14.128,178.11,0.15,2.2250000000000014,Mira
14.474,257.6,0.187,2.2029999999999994,Mira
14.029,267.0,0.198,2.2139999999999986,Mira
14.426,226.9,0.353,2.7760000000000016,Mira
17.908,520.8,1.66,4.030999999999999,Mira
14.215,224.7,0.271,2.6499999999999986,Mira
14.186,232.5,0.413,2.378,Mira
13.871,447.8,0.499,2.6790000000000003,Mira
15.479,361.0,0.765,3.029,Mira
15.865,198.35,0.534,4.048,Mira
15.099,221.7,0.251,2.4869999999999983,Mira
13.023,548.3,0.179,3.937000000000001,Mira
15.322,348.5,0.707,2.926000000000002,Mira
14.359,285.2,0.221,2.3499999999999996,Mira
14.859,123.99,0.364,2.019,Mira
14.173,205.0,0.081,2.1210000000000004,Mira
14.106,221.5,0.184,2.4930000000000003,Mira
14.154,190.41,0.218,2.3339999999999996,Mira
14.431,271.5,0.239,2.317000000000002,Mira
14.967,367.0,0.623,2.889999999999999,Mira
14.688,213.0,0.269,1.6820000000000004,Mira
14.733,358.9,0.397,2.1430000000000007,Mira
18.795,503.5,1.137,3.0059999999999967,Mira
14.272,144.36,0.152,2.1240000000000006,Mira
17.728,503.4,2.123,3.9259999999999984,Mira
14.343,331.0,0.316,2.5130000000000017,Mira
15.047,258.3,0.377,3.117000000000001,Mira
14.558,727.3,1.285,2.692,Mira
16.619,347.8,0.559,3.721,Mira
15.605,510.4,0.66,2.995000000000001,Mira
14.867,355.9,0.469,3.4579999999999984,Mira
14.735,435.2,1.016,3.41,Mira
16.279,485.4,1.621,3.6709999999999994,Mira
14.612,309.3,0.228,2.92,Mira
17.319,503.8,2.186,3.779,Mira
14.378,153.2,0.189,1.7469999999999999,Mira
14.938,285.5,0.926,2.9449999999999985,Mira
14.303,308.0,0.081,2.4989999999999988,Mira
14.608,260.6,0.176,3.605999999999998,Mira
15.831,468.8,1.051,3.282,Mira
15.192,234.0,0.207,2.3619999999999983,Mira
14.597,190.27,0.519,1.866999999999999,Mira
14.209,266.4,0.117,2.318999999999999,Mira
14.078,204.9,0.144,2.6370000000000005,Mira
18.27,358.3,1.129,4.263999999999999,Mira
15.373,302.6,0.307,3.981,Mira
14.686,229.7,0.385,1.9690000000000012,Mira
15.019,314.0,0.309,2.5170000000000012,Mira
13.367,763.5,0.335,5.780999999999999,Mira
16.807,335.4,0.736,3.3640000000000008,Mira
14.333,305.1,0.228,2.607000000000001,Mira
15.701,437.1,0.49,3.937000000000001,Mira
14.622,430.5,0.343,3.6359999999999992,Mira
15.276,399.8,0.73,3.465,Mira
16.568,448.9,1.405,3.7689999999999984,Mira
14.796,425.9,0.822,3.240000000000002,Mira
15.273,261.7,0.399,2.7220000000000013,Mira
14.021,160.37,0.113,1.827,Mira
14.275,171.99,0.167,2.4389999999999983,Mira
16.495,507.4,2.48,3.789999999999999,Mira
14.286,146.95,0.199,1.9560000000000013,Mira
17.861,532.3,0.748,4.472999999999999,Mira
15.429,420.7,0.759,2.7889999999999997,Mira
13.741,367.3,0.534,3.530999999999999,Mira
14.403,319.7,0.255,2.525999999999998,Mira
14.454,239.7,0.336,2.91,Mira
14.222,300.9,0.183,2.2500000000000018,Mira
14.253,321.0,0.163,2.689,Mira
16.646,495.9,1.459,5.268000000000001,Mira
14.124,240.0,0.156,3.0340000000000007,Mira
14.337,258.6,0.131,2.253,Mira
16.905,422.1,1.186,3.9719999999999978,Mira
16.496,494.6,1.435,4.032,Mira
16.82,527.5,3.537,2.7409999999999997,Mira
17.579,426.3,0.987,4.481999999999999,Mira
16.12,269.1,0.263,3.1660000000000004,Mira
13.97,204.2,0.238,2.2520000000000007,Mira
16.416,466.4,1.067,3.8299999999999983,Mira
16.39,312.5,0.799,3.2459999999999987,Mira
14.629,406.5,0.701,3.298,Mira
17.003,399.2,0.94,4.716999999999999,Mira
14.544,202.0,0.349,2.779,Mira
17.402,379.1,0.557,3.6869999999999976,Mira
15.217,397.9,0.521,3.4979999999999993,Mira
13.621,561.6,0.184,4.458999999999998,Mira
14.26,188.14,0.236,2.1339999999999986,Mira
16.084,275.3,1.004,2.7920000000000016,Mira
14.343,239.9,0.196,2.2010000000000005,Mira
15.023,178.01,0.209,3.094999999999999,Mira
14.301,153.04,0.128,2.3420000000000005,Mira
15.377,380.7,0.798,3.0009999999999994,Mira
15.193,354.4,0.616,2.5939999999999994,Mira
15.749,370.1,0.711,3.2589999999999986,Mira
14.33,294.7,0.177,2.5959999999999983,Mira
14.632,313.9,0.273,2.5359999999999996,Mira
17.589,350.3,3.379,3.5450000000000017,Mira
14.645,353.1,0.338,2.782,Mira
15.516,443.5,1.472,2.9940000000000015,Mira
16.885,473.9,1.689,3.312999999999999,Mira
14.61,290.0,0.205,2.6030000000000015,Mira
14.281,217.8,0.131,2.0269999999999992,Mira
14.99,313.3,0.443,2.9060000000000006,Mira
16.971,315.3,0.707,3.5869999999999997,Mira
15.192,209.7,0.12,3.5279999999999987,Mira
14.843,326.3,0.25,3.0869999999999997,Mira
16.157,392.0,1.447,3.498000000000001,Mira
14.855,268.3,0.26,2.599999999999998,Mira
14.691,284.1,0.373,2.3839999999999986,Mira
15.894,310.9,0.509,2.822000000000001,Mira
15.52,361.8,0.752,2.8790000000000013,Mira
17.202,398.5,0.764,4.218,Mira
14.933,165.89,0.345,2.830000000000002,Mira
15.031,332.6,1.359,2.5119999999999987,Mira
14.806,403.3,0.407,3.4650000000000016,Mira
15.313,296.5,0.231,3.1689999999999987,Mira
17.084,420.3,0.519,5.6690000000000005,Mira
14.088,323.7,0.252,2.427999999999999,Mira
15.222,311.1,0.29,3.078000000000001,Mira
14.1,412.3,0.517,3.064000000000002,Mira
14.732,342.3,0.483,3.0380000000000003,Mira
14.102,284.1,0.176,2.4529999999999994,Mira
14.345,245.1,0.447,2.426,Mira
14.515,373.1,0.342,3.004999999999999,Mira
15.037,300.7,0.317,2.796999999999999,Mira
17.048,334.7,2.249,3.014000000000003,Mira
15.125,513.8,1.143,2.872,Mira
19.209,676.1,0.331,1.2390000000000008,Mira
15.309,199.53,0.169,4.160000000000002,Mira
15.85,449.6,0.702,3.9779999999999998,Mira
14.39,291.1,0.205,2.533999999999999,Mira
14.92,138.01,0.278,2.822000000000001,Mira
14.995,225.6,0.385,3.293000000000001,Mira
14.156,317.2,0.18,2.430999999999999,Mira
13.627,708.9,0.36,3.226000000000001,Mira
15.108,119.54,0.28,2.352999999999998,Mira
15.267,291.5,0.633,2.5330000000000013,Mira
15.525,265.4,0.476,3.2200000000000006,Mira
14.651,400.0,0.37,3.446999999999999,Mira
16.528,300.3,0.951,3.543000000000003,Mira
14.194,387.7,0.23,3.6869999999999994,Mira
15.303,367.7,0.37,3.0539999999999985,Mira
15.094,329.4,0.259,2.8729999999999993,Mira
15.06,302.1,1.111,2.619999999999999,Mira
14.365,212.2,0.169,1.9999999999999982,Mira
14.324,180.34,0.247,2.238999999999999,Mira
15.066,398.1,0.469,3.2780000000000005,Mira
14.978,257.2,0.332,2.828000000000001,Mira
14.248,140.65,0.202,2.0760000000000023,Mira
13.227,323.7,0.35,3.071999999999999,Mira
15.322,384.2,0.301,2.9430000000000014,Mira
14.109,302.2,0.169,2.33,Mira
14.407,304.2,0.288,2.568999999999999,Mira
13.975,321.5,0.202,3.4049999999999994,Mira
15.758,244.9,0.6,2.2940000000000005,Mira
17.763,557.5,2.302,2.758999999999997,Mira
14.75,153.49,0.286,1.8900000000000006,Mira
14.781,302.4,0.271,2.6019999999999985,Mira
17.573,465.9,0.637,4.398,Mira
15.76,415.0,1.038,3.391,Mira
14.13,310.8,0.101,2.3710000000000004,Mira
14.431,165.42,0.466,2.8160000000000007,Mira
16.088,434.9,0.719,4.097999999999999,Mira
14.28,198.15,0.14,2.927999999999999,Mira
14.776,320.5,0.235,3.091000000000001,Mira
15.308,334.4,0.422,3.3039999999999985,Mira
14.765,453.6,0.408,3.785,Mira
13.557,568.0,0.229,3.237,Mira
15.397,447.9,0.954,3.5699999999999985,Mira
14.35,273.5,0.244,2.6190000000000015,Mira
14.806,299.6,0.385,2.7249999999999996,Mira
14.87,266.3,0.579,2.790000000000001,Mira
17.103,490.9,1.553,3.780999999999999,Mira
15.987,421.6,0.704,4.359,Mira
14.155,257.4,0.184,2.253000000000002,Mira
16.504,326.5,0.892,2.8339999999999996,Mira
14.154,376.7,0.306,3.5040000000000013,Mira
15.077,142.63,0.258,2.6560000000000006,Mira
14.488,147.54,0.209,2.125,Mira
14.483,173.65,0.211,2.283999999999999,Mira
16.753,442.9,1.647,4.4609999999999985,Mira
13.657,385.0,0.203,3.66,Mira
17.33,493.1,1.494,4.736000000000001,Mira
14.27,232.3,0.16,2.400000000000002,Mira
16.115,373.0,1.265,3.293000000000003,Mira
14.4,148.47,0.167,2.144,Mira
14.218,152.85,0.186,1.9609999999999985,Mira
14.395,296.2,0.41,2.7040000000000006,Mira
16.275,452.7,2.472,2.622,Mira
13.544,532.2,0.538,3.3969999999999985,Mira
14.173,213.9,0.137,2.4330000000000016,Mira
15.75,348.2,0.76,2.8870000000000005,Mira
14.081,308.6,0.145,2.4190000000000005,Mira
14.255,367.8,0.465,2.900999999999998,Mira
15.028,141.5,0.345,2.235000000000001,Mira
18.126,410.4,1.011,4.015999999999998,Mira
16.845,393.0,1.14,4.468,Mira
14.726,301.9,0.673,2.9659999999999993,Mira
12.928,579.6,0.509,3.835000000000001,Mira
14.117,163.63,0.138,2.187999999999999,Mira
14.554,228.8,0.294,2.1339999999999986,Mira
17.563,468.3,1.202,3.1590000000000025,Mira
17.693,532.9,1.849,3.4979999999999976,Mira
15.947,355.5,0.697,3.5010000000000012,Mira
15.35,374.4,1.07,4.627000000000001,Mira
15.233,231.8,0.333,2.259999999999998,Mira
16.531,440.1,0.346,3.9589999999999996,Mira
16.936,428.5,0.477,4.190000000000001,Mira
14.072,246.0,0.071,2.487000000000002,Mira
14.272,369.3,0.185,2.703000000000001,Mira
18.013,473.7,0.969,3.8019999999999996,Mira
14.102,326.8,0.175,2.503,Mira
16.205,377.9,1.057,3.4730000000000025,Mira
14.662,171.97,0.241,2.0600000000000005,Mira
15.086,146.81,0.236,2.766,Mira
14.555,203.5,0.121,2.940999999999999,Mira
13.79,617.2,0.316,4.353999999999999,Mira
15.821,357.5,1.43,3.2569999999999997,Mira
15.885,393.4,0.466,3.354000000000001,Mira
15.211,378.9,1.324,3.4880000000000013,Mira
16.242,323.8,0.653,3.192,Mira
13.394,576.1,0.73,3.5969999999999995,Mira
16.032,358.1,0.532,3.196999999999999,Mira
16.411,384.2,1.948,3.3049999999999997,Mira
14.624,193.16,0.3,2.630000000000001,Mira
16.597,275.6,1.267,2.9319999999999986,Mira
16.129,524.6,1.88,4.061,Mira
16.327,394.6,0.938,4.105999999999998,Mira
16.909,488.8,1.409,4.855,Mira
19.389,713.0,1.546,2.301000000000002,Mira
14.957,437.0,0.433,3.7699999999999996,Mira
19.104,563.0,0.472,2.8470000000000013,Mira
16.911,530.5,1.626,4.023,Mira
15.0,482.0,0.488,3.600999999999999,Mira
16.034,466.6,0.793,3.6940000000000026,Mira
17.271,507.0,3.793,4.227,Mira
15.117,334.4,0.507,2.8649999999999984,Mira
17.2,480.0,2.692,4.196999999999999,Mira
14.284,237.7,0.185,2.860999999999999,Mira
14.085,228.6,0.197,2.035999999999998,Mira
15.335,477.2,0.333,3.2590000000000003,Mira
14.298,380.0,0.201,2.7200000000000006,Mira
17.699,470.8,1.835,4.026,Mira
12.785,262.1,0.717,3.5869999999999997,Mira
15.062,316.8,0.336,4.263,Mira
14.635,327.3,0.17,2.9019999999999992,Mira
14.795,384.7,0.571,3.1770000000000014,Mira
16.758,494.1,2.276,3.7550000000000026,Mira
15.531,542.1,0.767,3.3209999999999997,Mira
14.336,319.2,0.17,2.810999999999998,Mira
14.101,318.6,0.148,2.5039999999999996,Mira
16.438,390.8,1.006,3.838000000000001,Mira
14.271,177.23,0.192,2.2459999999999987,Mira
15.255,554.6,1.783,3.587999999999999,Mira
16.556,487.3,1.526,4.015000000000001,Mira
14.163,297.0,0.193,3.3569999999999993,Mira
16.686,407.0,1.778,3.6529999999999987,Mira
15.11,387.6,0.622,3.7940000000000005,Mira
15.438,272.7,0.754,2.621999999999998,Mira
16.375,550.5,0.649,1.7759999999999998,Mira
14.386,357.2,0.757,2.7810000000000024,Mira
14.273,141.25,0.148,2.068999999999999,Mira
16.176,501.3,1.431,3.556000000000001,Mira
15.045,259.4,0.829,2.334999999999999,Mira
13.939,291.7,0.275,2.164999999999999,Mira
15.99,368.4,1.383,3.5039999999999996,Mira
14.334,200.5,0.106,2.6370000000000005,Mira
14.461,326.6,0.233,2.7700000000000014,Mira
14.717,307.1,0.348,2.769999999999998,Mira
16.227,405.4,1.21,3.7830000000000013,Mira
14.883,123.07,0.138,2.2680000000000007,Mira
14.169,196.8,0.156,2.681000000000001,Mira
14.789,362.4,0.808,2.798,Mira
18.037,312.1,0.472,3.9490000000000016,Mira
14.154,148.49,0.175,1.9690000000000012,Mira
14.1,191.6,0.114,2.413000000000002,Mira
12.66,620.5,0.358,4.001999999999999,Mira
14.492,334.1,0.266,2.573999999999998,Mira
13.965,163.18,0.211,2.056000000000001,Mira
16.9,483.1,1.788,3.875,Mira
14.468,241.4,0.586,2.5740000000000016,Mira
14.93,322.7,0.524,3.285,Mira
14.293,194.4,0.178,2.7590000000000003,Mira
15.169,348.9,0.323,4.274999999999999,Mira
14.59,359.3,0.652,3.7429999999999986,Mira
15.6,414.8,0.596,3.019,Mira
15.431,357.2,0.877,2.583,Mira
14.586,302.1,0.443,2.609,Mira
16.523,418.0,1.036,3.34,Mira
14.31,318.2,0.183,2.807999999999998,Mira
15.724,411.4,0.932,3.4849999999999994,Mira
14.141,359.9,0.192,3.113999999999999,Mira
15.814,376.2,0.524,4.422999999999998,Mira
15.906,484.8,2.007,3.7490000000000006,Mira
14.932,327.2,0.231,2.9389999999999983,Mira
14.302,269.7,0.113,3.2070000000000007,Mira
14.131,178.99,0.323,1.7889999999999997,Mira
14.432,288.7,0.918,2.4419999999999984,Mira
14.324,319.3,0.504,3.2200000000000006,Mira
14.415,163.98,0.311,1.9480000000000004,Mira
14.74,315.5,0.571,2.645999999999999,Mira
16.353,335.6,1.387,3.4989999999999988,Mira
12.948,558.9,0.592,3.134999999999998,Mira
14.185,343.2,0.13,3.385,Mira
14.209,160.85,0.199,2.1819999999999986,Mira
14.158,185.31,0.255,2.2490000000000006,Mira
15.716,466.5,0.826,4.081000000000001,Mira
14.668,217.8,0.296,2.0600000000000023,Mira
14.998,103.06,0.207,2.131000000000002,Mira
13.783,267.2,0.281,2.7150000000000016,Mira
15.837,388.3,0.785,3.5169999999999995,Mira
15.171,470.6,0.758,3.7989999999999995,Mira
14.055,163.55,0.137,2.147000000000002,Mira
14.522,407.7,0.733,2.8819999999999997,Mira
14.216,207.4,0.196,2.398999999999999,Mira
14.531,393.9,0.259,3.4659999999999993,Mira
16.211,460.6,1.213,3.0970000000000013,Mira
14.466,265.5,0.177,2.290000000000001,Mira
14.23,277.6,0.418,2.7330000000000005,Mira
14.1,212.4,0.094,1.9390000000000018,Mira
14.054,163.58,0.277,2.0649999999999995,Mira
15.665,409.9,0.568,3.280000000000001,Mira
14.192,181.28,0.276,2.2860000000000014,Mira
15.041,169.12,0.661,3.007999999999999,Mira
14.2,184.68,0.291,2.497,Mira
14.095,203.7,0.357,2.479000000000001,Mira
14.531,217.9,0.456,3.302999999999999,Mira
14.873,440.7,0.758,3.4990000000000006,Mira
14.005,305.7,0.395,2.481,Mira
14.589,160.6,0.321,2.4979999999999993,Mira
14.15,215.3,0.231,2.3229999999999986,Mira
15.988,467.3,2.245,3.224,Mira
14.74,334.0,0.487,3.0250000000000004,Mira
15.57,384.7,1.386,2.901,Mira
14.292,243.4,0.355,2.888,Mira
14.375,281.4,0.285,2.532,Mira
16.815,451.3,1.464,3.9079999999999977,Mira
14.417,235.5,0.67,2.7619999999999987,Mira
14.124,230.3,0.161,2.9399999999999995,Mira
15.196,319.4,0.259,3.112,Mira
17.366,372.4,0.645,3.873000000000001,Mira
19.241,1.688963,0.296,0.1509999999999998,Eclipsing Binary
19.076,9.860708,0.474,0.9250000000000007,Eclipsing Binary
19.954,7.39043,0.731,1.0719999999999992,Eclipsing Binary
14.702,1.445365,0.088,-0.12100000000000044,Eclipsing Binary
14.175,278.619901,0.243,1.145999999999999,Eclipsing Binary
18.375,7.20761,0.225,0.08699999999999974,Eclipsing Binary
19.323,2.511868,0.665,0.038000000000000256,Eclipsing Binary
19.438,3.59325,1.143,0.3860000000000028,Eclipsing Binary
19.33,0.760485,0.518,0.1130000000000031,Eclipsing Binary
19.048,3.901937,0.302,0.3500000000000014,Eclipsing Binary
19.735,2.096497,0.854,0.13200000000000145,Eclipsing Binary
17.624,51.52152,0.478,1.274000000000001,Eclipsing Binary
19.802,2.233489,0.545,0.5390000000000015,Eclipsing Binary
19.291,4.721725,0.284,0.20700000000000074,Eclipsing Binary
17.991,29.20641,0.279,0.8010000000000019,Eclipsing Binary
19.297,4.6502,0.385,0.5939999999999976,Eclipsing Binary
17.73,4.848455,0.259,0.16399999999999793,Eclipsing Binary
15.928,2.592662,0.091,-0.1280000000000001,Eclipsing Binary
16.901,19.572988,0.098,-0.129999999999999,Eclipsing Binary
17.308,10.4009,0.278,-0.14699999999999847,Eclipsing Binary
19.896,2.511113,0.887,0.472999999999999,Eclipsing Binary
18.879,3.582559,0.208,0.39899999999999736,Eclipsing Binary
19.464,0.927671,0.844,0.11899999999999977,Eclipsing Binary
16.693,18.21946,0.089,0.10499999999999687,Eclipsing Binary
17.035,3.435661,0.175,0.04100000000000037,Eclipsing Binary
18.987,28.203105,0.32,0.8610000000000007,Eclipsing Binary
18.131,809.84556,0.256,0.8829999999999991,Eclipsing Binary
18.908,1.930674,0.431,0.17499999999999716,Eclipsing Binary
18.901,2.62816,0.362,0.3150000000000013,Eclipsing Binary
17.168,2.656461,0.167,0.013000000000001677,Eclipsing Binary
18.472,7.35937,0.267,-0.05900000000000105,Eclipsing Binary
18.181,44.87009,0.449,0.5279999999999987,Eclipsing Binary
16.741,45.464315,0.056,1.027000000000001,Eclipsing Binary
17.524,1.410084,0.161,-0.02500000000000213,Eclipsing Binary
19.22,7.08457,0.435,0.11100000000000065,Eclipsing Binary
19.331,2.101067,0.448,0.18599999999999994,Eclipsing Binary
19.108,2.52755,0.529,0.48900000000000077,Eclipsing Binary
18.356,1.717194,0.149,0.44299999999999784,Eclipsing Binary
19.526,0.889824,0.7,0.21300000000000097,Eclipsing Binary
18.476,1.477174,0.309,-0.023999999999997357,Eclipsing Binary
17.991,3.094389,0.1,0.4529999999999994,Eclipsing Binary
15.89,2.65741,0.517,-0.0600000000000005,Eclipsing Binary
17.412,1.927162,0.438,0.006000000000000227,Eclipsing Binary
19.775,1.7737,0.681,0.40600000000000236,Eclipsing Binary
18.266,4.454162,0.163,0.12700000000000244,Eclipsing Binary
19.752,0.77871,0.963,0.2970000000000006,Eclipsing Binary
18.785,0.825226,0.327,0.1819999999999986,Eclipsing Binary
16.397,8.630015,0.089,0.008000000000002672,Eclipsing Binary
19.652,3.723694,0.439,0.14300000000000068,Eclipsing Binary
18.669,3.770361,0.226,0.01899999999999835,Eclipsing Binary
18.357,1.894316,0.163,0.16499999999999915,Eclipsing Binary
19.728,2.95476,0.942,0.5399999999999991,Eclipsing Binary
18.708,15.562043,0.522,0.7330000000000005,Eclipsing Binary
19.437,1.533807,0.798,0.2789999999999999,Eclipsing Binary
18.725,4.042349,0.338,0.32299999999999685,Eclipsing Binary
19.498,2.201734,0.421,0.06799999999999784,Eclipsing Binary
19.399,9.4457,0.573,0.17099999999999937,Eclipsing Binary
16.897,0.582218,0.214,0.8950000000000031,Eclipsing Binary
19.079,10.859799,0.736,0.6009999999999991,Eclipsing Binary
18.442,2.493852,0.356,0.11400000000000077,Eclipsing Binary
17.94,10.88358,0.168,0.1839999999999975,Eclipsing Binary
19.087,2.783138,0.227,0.4319999999999986,Eclipsing Binary
17.922,4.03442,0.271,-0.03900000000000148,Eclipsing Binary
14.808,2.548074,0.038,-0.26500000000000057,Eclipsing Binary
19.772,1.029017,0.591,0.24399999999999977,Eclipsing Binary
17.233,1.287644,0.646,-0.019000000000001904,Eclipsing Binary
19.776,1.489965,0.673,0.4039999999999999,Eclipsing Binary
17.735,3.197391,0.489,0.09799999999999898,Eclipsing Binary
17.404,1.63647,0.234,-0.03500000000000014,Eclipsing Binary
16.637,4.454968,0.1,0.24599999999999866,Eclipsing Binary
19.0,8.467223,0.291,0.809000000000001,Eclipsing Binary
19.067,1.949337,0.292,0.16300000000000026,Eclipsing Binary
18.716,6.608704,0.331,0.8279999999999994,Eclipsing Binary
15.536,1.71854,0.376,-0.18499999999999872,Eclipsing Binary
17.88,2.007746,0.217,-0.045999999999999375,Eclipsing Binary
19.3,4.102407,1.049,0.33999999999999986,Eclipsing Binary
19.778,3.029368,0.773,0.5110000000000028,Eclipsing Binary
17.274,90.84802,0.163,0.7010000000000005,Eclipsing Binary
16.154,1.152556,0.107,0.053000000000000824,Eclipsing Binary
18.002,1.733142,0.171,0.05600000000000094,Eclipsing Binary
18.735,5.523709,0.313,0.18700000000000117,Eclipsing Binary
18.055,5.346117,0.156,-0.054999999999999716,Eclipsing Binary
19.549,9.278547,0.398,0.7929999999999993,Eclipsing Binary
19.794,0.697753,0.896,0.04899999999999949,Eclipsing Binary
17.553,16.096003,0.083,-0.0070000000000014495,Eclipsing Binary
19.626,6.317481,0.522,0.19699999999999918,Eclipsing Binary
18.513,3.272893,0.22,0.31099999999999994,Eclipsing Binary
16.906,1.111351,0.137,-0.02699999999999747,Eclipsing Binary
17.906,1.6759,0.204,1.8000000000000007,Eclipsing Binary
19.564,4.625834,0.447,0.8859999999999992,Eclipsing Binary
16.251,1.420404,0.31,0.08199999999999719,Eclipsing Binary
17.723,0.969141,0.168,0.0259999999999998,Eclipsing Binary
18.504,4.7735,0.499,0.08099999999999952,Eclipsing Binary
16.281,9.67073,0.129,0.1479999999999997,Eclipsing Binary
18.129,1.924694,0.369,0.014999999999997016,Eclipsing Binary
17.056,5.95045,0.357,-0.05900000000000105,Eclipsing Binary
16.09,4.19093,0.329,-0.11599999999999966,Eclipsing Binary
18.586,38.213937,0.229,1.2370000000000019,Eclipsing Binary
18.182,1.665545,0.703,0.10200000000000031,Eclipsing Binary
17.017,4.210383,0.338,-0.027000000000001023,Eclipsing Binary
16.123,2.2507,0.116,-0.13100000000000023,Eclipsing Binary
16.618,2.273214,0.451,0.05799999999999983,Eclipsing Binary
16.831,4.843565,0.099,-0.0519999999999996,Eclipsing Binary
19.519,2.93968,0.457,0.32200000000000273,Eclipsing Binary
16.55,132.203166,0.062,1.2719999999999985,Eclipsing Binary
18.503,6.061531,0.477,0.9140000000000015,Eclipsing Binary
19.5,14.376979,0.364,0.559000000000001,Eclipsing Binary
19.67,4.261789,0.673,0.49199999999999733,Eclipsing Binary
18.434,7.060814,0.186,0.1869999999999976,Eclipsing Binary
19.141,2.853823,0.565,0.2690000000000019,Eclipsing Binary
16.632,103.452418,0.052,1.1929999999999978,Eclipsing Binary
19.498,1.09495,0.894,0.28800000000000026,Eclipsing Binary
19.194,6.25426,0.497,0.8200000000000003,Eclipsing Binary
16.197,1.933751,0.098,-0.10099999999999909,Eclipsing Binary
18.042,1.390601,0.196,0.09899999999999665,Eclipsing Binary
19.869,0.721915,0.909,0.21600000000000108,Eclipsing Binary
19.647,2.364857,0.583,0.43100000000000094,Eclipsing Binary
15.004,7.150163,0.099,0.23099999999999987,Eclipsing Binary
19.252,4.410072,0.33,0.09800000000000253,Eclipsing Binary
16.794,81.22888,0.629,1.2510000000000012,Eclipsing Binary
19.602,0.99309,0.659,0.5640000000000001,Eclipsing Binary
19.015,1.390313,0.274,0.49099999999999966,Eclipsing Binary
17.896,24.34223,0.216,0.6609999999999978,Eclipsing Binary
18.846,7.151288,0.613,0.9039999999999999,Eclipsing Binary
16.86,11.516051,0.087,-0.12599999999999767,Eclipsing Binary
19.58,1.84691,0.733,0.20000000000000284,Eclipsing Binary
18.033,5.97996,0.188,0.08399999999999963,Eclipsing Binary
19.788,3.941251,0.619,0.4710000000000001,Eclipsing Binary
14.664,17.73647,0.055,-0.0649999999999995,Eclipsing Binary
17.26,3.42017,1.382,0.05099999999999838,Eclipsing Binary
17.707,5.88347,0.086,0.10800000000000054,Eclipsing Binary
18.166,1.251958,0.164,-0.07700000000000173,Eclipsing Binary
19.95,1.486714,0.746,0.4400000000000013,Eclipsing Binary
18.632,3.309751,0.602,0.02699999999999747,Eclipsing Binary
19.775,1.617291,0.818,0.043000000000002814,Eclipsing Binary
19.507,1.490006,0.471,0.3769999999999989,Eclipsing Binary
18.523,1.619859,0.228,0.05900000000000105,Eclipsing Binary
18.929,5.71717,1.686,0.30200000000000315,Eclipsing Binary
18.771,142.9521,0.422,0.6539999999999999,Eclipsing Binary
16.831,4.83454,0.126,-0.0799999999999983,Eclipsing Binary
18.248,100.970293,0.229,0.9209999999999994,Eclipsing Binary
19.186,4.238091,0.497,0.40700000000000003,Eclipsing Binary
18.623,3.501658,0.302,0.11299999999999955,Eclipsing Binary
16.021,135.886577,0.084,1.3269999999999982,Eclipsing Binary
19.331,6.806049,0.457,1.2360000000000007,Eclipsing Binary
19.181,3.759152,0.404,0.2099999999999973,Eclipsing Binary
19.579,2.359565,0.634,0.4029999999999987,Eclipsing Binary
19.621,2.630072,0.976,0.19000000000000128,Eclipsing Binary
19.445,6.46125,0.559,0.14099999999999824,Eclipsing Binary
19.798,3.512591,0.902,0.5030000000000001,Eclipsing Binary
19.252,1.88721,0.956,0.2660000000000018,Eclipsing Binary
17.731,1.52595,0.533,-0.037000000000002586,Eclipsing Binary
18.423,1.183861,0.537,-0.22199999999999775,Eclipsing Binary
18.82,2.382935,0.227,0.1999999999999993,Eclipsing Binary
19.472,3.60607,1.244,0.29100000000000037,Eclipsing Binary
18.224,4.798484,0.178,0.05699999999999861,Eclipsing Binary
18.435,1.23417,0.262,0.04900000000000304,Eclipsing Binary
17.952,2.204677,0.11,0.0779999999999994,Eclipsing Binary
18.78,26.88461,0.59,1.0769999999999982,Eclipsing Binary
18.243,28.717908,0.411,0.07600000000000051,Eclipsing Binary
18.361,5.76756,0.622,0.8009999999999984,Eclipsing Binary
15.601,2.002926,0.22,-0.636000000000001,Eclipsing Binary
14.124,3.76523,1.049,-0.125,Eclipsing Binary
19.657,3.2304,0.463,0.07000000000000028,Eclipsing Binary
18.63,1.417768,0.367,0.2170000000000023,Eclipsing Binary
17.8,4.10191,0.172,0.9830000000000005,Eclipsing Binary
17.546,3.15646,0.157,0.1039999999999992,Eclipsing Binary
15.61,2.01816,0.463,-0.17199999999999882,Eclipsing Binary
16.994,9.10605,0.293,-0.10500000000000043,Eclipsing Binary
18.241,4.575687,0.147,0.38899999999999935,Eclipsing Binary
18.686,2.742206,0.223,0.2779999999999987,Eclipsing Binary
17.892,302.491309,0.203,0.9299999999999997,Eclipsing Binary
17.905,31.881045,0.097,0.8569999999999993,Eclipsing Binary
17.833,0.86701,0.157,0.10000000000000142,Eclipsing Binary
18.777,10.39551,0.812,0.472999999999999,Eclipsing Binary
19.877,2.88392,0.588,0.9299999999999997,Eclipsing Binary
18.208,1.595895,0.439,-0.05999999999999872,Eclipsing Binary
17.522,3.22338,0.467,-0.05099999999999838,Eclipsing Binary
18.458,2.37073,0.269,0.0990000000000002,Eclipsing Binary
19.508,1.406743,0.704,0.19200000000000017,Eclipsing Binary
17.591,0.923308,0.101,0.884999999999998,Eclipsing Binary
19.191,3.017608,0.498,0.16300000000000026,Eclipsing Binary
19.016,3.957685,0.618,-0.12399999999999878,Eclipsing Binary
17.957,2.51786,0.425,-0.07400000000000162,Eclipsing Binary
19.543,1.288421,0.509,0.3000000000000007,Eclipsing Binary
16.927,4.1147,0.155,-0.03999999999999915,Eclipsing Binary
19.603,0.993393,0.793,0.39299999999999713,Eclipsing Binary
16.811,0.59367,0.292,0.6469999999999985,Eclipsing Binary
13.664,3.243894,0.12,0.9849999999999994,Eclipsing Binary
17.868,1.777582,0.223,0.5480000000000018,Eclipsing Binary
19.535,1.362532,0.521,0.2480000000000011,Eclipsing Binary
17.665,71.51879,0.151,0.06900000000000261,Eclipsing Binary
14.948,7.94205,0.438,-0.05799999999999983,Eclipsing Binary
17.512,0.787449,0.109,0.1490000000000009,Eclipsing Binary
17.44,1.35291,0.07,0.6239999999999988,Eclipsing Binary
17.323,1.453121,0.25,-0.022999999999999687,Eclipsing Binary
16.98,17.792177,0.214,0.06700000000000017,Eclipsing Binary
15.955,1.172472,0.247,-0.018000000000000682,Eclipsing Binary
18.093,1.098261,0.114,0.7899999999999991,Eclipsing Binary
15.958,7.592555,0.088,-0.09600000000000009,Eclipsing Binary
19.247,14.35454,0.382,0.10500000000000043,Eclipsing Binary
15.612,2.917753,0.483,-0.019000000000000128,Eclipsing Binary
18.733,26.05322,0.314,0.09999999999999787,Eclipsing Binary
18.694,1.681444,0.331,0.14700000000000202,Eclipsing Binary
18.593,5.545682,0.353,0.3299999999999983,Eclipsing Binary
19.663,4.533331,0.601,0.4989999999999988,Eclipsing Binary
17.033,35.926152,0.189,1.0109999999999992,Eclipsing Binary
16.805,1.816894,0.465,-0.16000000000000014,Eclipsing Binary
17.251,5.345734,0.102,0.9199999999999982,Eclipsing Binary
19.512,11.018179,0.545,0.3550000000000004,Eclipsing Binary
19.406,0.87529,0.509,0.3390000000000022,Eclipsing Binary
19.136,3.934023,0.333,-0.003999999999997783,Eclipsing Binary
19.373,1.829975,0.432,0.2799999999999976,Eclipsing Binary
19.193,1.360468,0.533,-0.03900000000000148,Eclipsing Binary
18.781,7.534104,0.593,0.2560000000000002,Eclipsing Binary
18.644,0.944329,0.331,0.14500000000000313,Eclipsing Binary
19.259,2.227183,0.827,0.259999999999998,Eclipsing Binary
16.783,0.592106,0.121,-0.05000000000000071,Eclipsing Binary
19.023,2.744725,1.459,0.20800000000000196,Eclipsing Binary
19.36,5.77605,0.66,0.6430000000000007,Eclipsing Binary
16.058,2.692874,0.097,-0.10599999999999987,Eclipsing Binary
17.285,5.90095,0.177,-0.01600000000000179,Eclipsing Binary
18.821,1.58494,0.233,0.12199999999999989,Eclipsing Binary
17.403,0.826383,0.056,-0.010999999999999233,Eclipsing Binary
19.186,40.18824,0.381,0.3279999999999994,Eclipsing Binary
17.749,1.581915,0.106,-0.029999999999997584,Eclipsing Binary
19.246,2.928971,0.654,0.25500000000000256,Eclipsing Binary
16.953,2.63424,0.119,-0.06799999999999784,Eclipsing Binary
19.562,1.197164,0.557,0.4859999999999971,Eclipsing Binary
18.494,4.59111,0.276,0.021999999999998465,Eclipsing Binary
19.488,3.42681,0.927,0.16100000000000136,Eclipsing Binary
19.777,3.238065,0.526,0.2970000000000006,Eclipsing Binary
18.61,1.375596,0.324,0.28600000000000136,Eclipsing Binary
17.793,4.910166,0.26,0.19900000000000162,Eclipsing Binary
18.247,3.835848,0.24,0.02499999999999858,Eclipsing Binary
17.494,1.125106,0.203,-0.01899999999999835,Eclipsing Binary
17.382,209.99895,0.078,1.006999999999998,Eclipsing Binary
17.494,1.228978,0.354,0.062000000000001165,Eclipsing Binary
19.625,1.469353,0.81,0.45200000000000173,Eclipsing Binary
19.482,7.032078,0.526,0.3360000000000021,Eclipsing Binary
19.581,3.822468,1.261,0.3730000000000011,Eclipsing Binary
18.253,3.735816,0.5,0.36799999999999855,Eclipsing Binary
17.983,31.965385,0.138,1.1400000000000006,Eclipsing Binary
17.386,1.207423,0.14,0.490000000000002,Eclipsing Binary
18.898,3.32602,0.767,0.16799999999999926,Eclipsing Binary
18.241,8.687884,0.203,0.0710000000000015,Eclipsing Binary
17.19,1.95935,0.122,-0.021000000000000796,Eclipsing Binary
16.345,1.074883,0.303,-0.09399999999999764,Eclipsing Binary
18.533,5.665016,0.454,0.06700000000000017,Eclipsing Binary
18.949,2.074007,0.709,0.027999999999998693,Eclipsing Binary
18.26,3.395292,0.168,0.09199999999999875,Eclipsing Binary
14.327,304.7912,0.112,0.6069999999999993,Eclipsing Binary
15.37,264.22075,0.037,1.5930000000000017,Eclipsing Binary
16.558,2.556374,0.093,-0.0030000000000001137,Eclipsing Binary
17.62,1.5315,0.17,0.03200000000000003,Eclipsing Binary
19.479,0.923317,0.531,0.6370000000000005,Eclipsing Binary
19.556,0.817086,0.616,0.1479999999999997,Eclipsing Binary
18.393,1.17463,0.187,0.22199999999999775,Eclipsing Binary
19.495,1.468905,0.687,0.259999999999998,Eclipsing Binary
19.104,2.814484,0.527,0.3240000000000016,Eclipsing Binary
15.472,2.48534,0.604,0.02200000000000024,Eclipsing Binary
15.946,10.26509,0.058,-0.11899999999999977,Eclipsing Binary
19.897,1.754949,0.641,0.3230000000000004,Eclipsing Binary
18.307,8.388554,0.324,0.03200000000000003,Eclipsing Binary
19.907,2.504712,0.73,0.7330000000000005,Eclipsing Binary
17.54,7.4282,0.204,0.08099999999999952,Eclipsing Binary
17.557,5.311195,0.099,0.07500000000000284,Eclipsing Binary
18.638,119.255143,0.25,1.046999999999997,Eclipsing Binary
17.692,2.132133,0.279,0.036000000000001364,Eclipsing Binary
19.082,2.52185,0.893,0.3810000000000002,Eclipsing Binary
17.911,1.61159,0.473,0.9229999999999983,Eclipsing Binary
17.887,2.58781,0.515,-0.015000000000000568,Eclipsing Binary
19.145,6.454263,0.381,0.31700000000000017,Eclipsing Binary
17.994,0.908026,0.45,0.495000000000001,Eclipsing Binary
18.833,9.65421,1.012,0.45200000000000173,Eclipsing Binary
19.701,2.906841,0.608,0.3329999999999984,Eclipsing Binary
18.675,4.597515,0.348,0.09299999999999997,Eclipsing Binary
16.328,1.229026,0.611,-0.19500000000000028,Eclipsing Binary
17.338,7.93976,0.141,0.06700000000000017,Eclipsing Binary
18.886,152.629863,0.271,1.0680000000000014,Eclipsing Binary
18.321,19.159428,0.205,1.0670000000000002,Eclipsing Binary
18.446,4.581717,0.183,0.11499999999999844,Eclipsing Binary
17.716,0.764105,0.287,1.4699999999999989,Eclipsing Binary
18.782,3.675486,0.349,0.2240000000000002,Eclipsing Binary
19.735,5.617814,0.52,0.23400000000000176,Eclipsing Binary
16.022,5.951845,0.054,-0.01799999999999713,Eclipsing Binary
14.982,3.89009,0.432,-0.02099999999999902,Eclipsing Binary
18.526,6.180059,0.359,0.07400000000000162,Eclipsing Binary
19.016,0.868664,0.656,0.1490000000000009,Eclipsing Binary
13.489,1.766844,0.515,1.9969999999999999,Eclipsing Binary
17.372,1.992101,0.27,-0.0519999999999996,Eclipsing Binary
19.829,1.249068,0.939,0.23799999999999955,Eclipsing Binary
19.226,4.903176,0.442,0.10000000000000142,Eclipsing Binary
16.009,8.94838,0.17,0.09600000000000009,Eclipsing Binary
17.022,2.214843,0.168,-0.006999999999997897,Eclipsing Binary
19.276,1.803999,0.414,0.36799999999999855,Eclipsing Binary
18.271,97.617239,0.272,0.9250000000000007,Eclipsing Binary
19.599,3.789467,0.571,0.13100000000000023,Eclipsing Binary
17.029,0.882334,0.633,-0.05099999999999838,Eclipsing Binary
15.366,75.94614,0.063,-0.10099999999999909,Eclipsing Binary
18.482,14.763523,0.189,1.0600000000000023,Eclipsing Binary
18.786,1.463325,0.327,0.2309999999999981,Eclipsing Binary
13.03,0.308446,0.371,0.8820000000000014,Eclipsing Binary
18.444,3.691052,0.189,0.15200000000000102,Eclipsing Binary
15.658,298.802774,0.035,1.4809999999999999,Eclipsing Binary
18.127,4.075966,0.247,0.05799999999999983,Eclipsing Binary
19.701,3.659308,0.528,0.31799999999999784,Eclipsing Binary
15.478,2952.192,0.045,1.4779999999999998,Eclipsing Binary
19.449,5.21196,1.103,0.44799999999999685,Eclipsing Binary
18.579,0.958788,0.208,0.03200000000000003,Eclipsing Binary
19.283,0.984324,0.667,0.09099999999999753,Eclipsing Binary
18.918,1.907937,0.384,0.13599999999999923,Eclipsing Binary
17.306,1.052163,0.831,-0.01600000000000179,Eclipsing Binary
19.538,6.0337,0.538,0.34499999999999886,Eclipsing Binary
18.657,3.288879,0.322,0.0010000000000012221,Eclipsing Binary
19.758,4.065076,0.932,0.5800000000000018,Eclipsing Binary
19.045,1.333274,1.413,0.11399999999999721,Eclipsing Binary
19.426,2.7333,0.658,0.1490000000000009,Eclipsing Binary
19.659,6.195152,0.441,0.10600000000000165,Eclipsing Binary
19.651,1.746745,0.645,0.18100000000000094,Eclipsing Binary
17.322,5.403645,0.142,0.06800000000000139,Eclipsing Binary
18.695,1.657449,0.319,0.09799999999999898,Eclipsing Binary
18.806,2.932121,0.357,0.16300000000000026,Eclipsing Binary
18.118,0.988159,0.124,0.5100000000000016,Eclipsing Binary
19.667,2.147912,0.705,0.24799999999999756,Eclipsing Binary
17.602,62.99315,0.151,0.7650000000000006,Eclipsing Binary
16.665,2.97516,0.33,-0.036999999999999034,Eclipsing Binary
16.003,1.01057,0.162,-0.12400000000000055,Eclipsing Binary
18.934,6.48922,0.503,-0.013000000000001677,Eclipsing Binary
19.33,2.568716,0.404,0.18200000000000216,Eclipsing Binary
19.194,2.147427,0.95,0.11899999999999977,Eclipsing Binary
18.498,4.378894,0.222,0.16499999999999915,Eclipsing Binary
19.256,1.882914,0.377,0.4789999999999992,Eclipsing Binary
18.209,19.5662,0.418,0.0010000000000012221,Eclipsing Binary
18.458,2.749686,0.174,0.08100000000000307,Eclipsing Binary
17.862,1.64295,0.09,0.8000000000000007,Eclipsing Binary
19.539,1.10483,0.515,0.28500000000000014,Eclipsing Binary
15.881,124.986938,0.07,1.1179999999999986,Eclipsing Binary
19.068,3.801744,0.382,0.125,Eclipsing Binary
18.977,0.649226,0.416,0.18299999999999983,Eclipsing Binary
16.66,1.949757,0.109,0.01899999999999835,Eclipsing Binary
19.33,2.996141,0.877,0.11000000000000298,Eclipsing Binary
18.188,5.5975,0.125,0.22100000000000009,Eclipsing Binary
19.652,2.590605,0.497,0.2519999999999989,Eclipsing Binary
18.99,1.883392,0.398,-0.1369999999999969,Eclipsing Binary
17.843,3.420439,1.404,0.10000000000000142,Eclipsing Binary
19.313,5.074592,0.362,0.43100000000000094,Eclipsing Binary
18.982,2.942515,1.703,0.2989999999999995,Eclipsing Binary
18.215,7.762909,0.115,0.17300000000000182,Eclipsing Binary
19.16,13.85696,0.384,0.010999999999999233,Eclipsing Binary
18.745,1.997431,0.677,0.23799999999999955,Eclipsing Binary
19.191,1.202548,0.326,0.1750000000000007,Eclipsing Binary
16.778,1.756539,0.118,-0.010999999999999233,Eclipsing Binary
19.912,8.367995,0.742,0.8490000000000002,Eclipsing Binary
16.505,6.2712,0.112,-0.018000000000000682,Eclipsing Binary
17.856,1.364582,0.115,1.0839999999999996,Eclipsing Binary
19.072,5.464448,0.431,0.28200000000000003,Eclipsing Binary
17.447,39.14603,0.15,0.010999999999999233,Eclipsing Binary
18.361,1.60502,0.311,0.053000000000000824,Eclipsing Binary
17.273,2.511424,0.112,-0.09799999999999898,Eclipsing Binary
18.309,4.848545,0.283,-0.010000000000001563,Eclipsing Binary
18.274,3.270983,0.217,0.06899999999999906,Eclipsing Binary
17.277,12.22824,0.238,-0.022000000000002018,Eclipsing Binary
17.318,9.532279,0.169,-0.09800000000000253,Eclipsing Binary
18.876,2.717071,0.496,0.2129999999999974,Eclipsing Binary
19.358,2.747288,0.452,0.4869999999999983,Eclipsing Binary
19.186,7.402261,0.301,0.13599999999999923,Eclipsing Binary
18.455,10.043925,0.338,0.9130000000000003,Eclipsing Binary
19.261,1.283477,0.417,0.40800000000000125,Eclipsing Binary
17.049,21.87958,0.135,-0.05000000000000071,Eclipsing Binary
18.581,8.409277,0.288,-0.038000000000000256,Eclipsing Binary
19.524,1.551965,0.52,0.43799999999999883,Eclipsing Binary
19.847,0.851774,0.813,0.9639999999999986,Eclipsing Binary
18.698,5.527715,0.296,0.1280000000000001,Eclipsing Binary
19.869,5.649355,0.639,0.7950000000000017,Eclipsing Binary
19.509,3.61488,0.517,0.34199999999999875,Eclipsing Binary
18.334,0.773092,0.719,0.09499999999999886,Eclipsing Binary
18.405,1.006837,0.388,-0.03300000000000125,Eclipsing Binary
17.397,1.908401,0.324,-0.028999999999999915,Eclipsing Binary
18.847,14.99682,0.385,0.09499999999999886,Eclipsing Binary
17.846,1.19179,0.252,0.2049999999999983,Eclipsing Binary
18.796,3.29569,0.334,-0.1999999999999993,Eclipsing Binary
18.791,14.108403,0.249,0.9649999999999999,Eclipsing Binary
18.252,2.548574,0.133,0.037000000000002586,Eclipsing Binary
16.832,8.201834,0.428,0.6119999999999983,Eclipsing Binary
18.384,1.508765,0.408,0.03300000000000125,Eclipsing Binary
18.281,1.49205,0.123,0.2469999999999999,Eclipsing Binary
18.064,2.08662,0.118,-0.01600000000000179,Eclipsing Binary
17.569,3.28874,0.344,0.15200000000000102,Eclipsing Binary
19.239,2.8061,0.417,0.3230000000000004,Eclipsing Binary
19.66,1.026986,0.753,0.07600000000000051,Eclipsing Binary
19.124,7.629239,0.588,1.086000000000002,Eclipsing Binary
19.474,11.03672,0.551,0.05000000000000071,Eclipsing Binary
19.443,2.029154,0.754,0.14399999999999835,Eclipsing Binary
18.089,14.295212,0.125,1.0180000000000007,Eclipsing Binary
18.803,23.79298,0.315,0.10200000000000031,Eclipsing Binary
18.517,7.029045,0.279,2.1999999999999993,Eclipsing Binary
17.205,10.34192,0.266,-0.028999999999999915,Eclipsing Binary
19.673,1.233244,0.832,0.18000000000000327,Eclipsing Binary
19.821,1.359549,0.614,0.4239999999999995,Eclipsing Binary
17.325,1.093376,0.37,-0.015999999999998238,Eclipsing Binary
17.066,108.6715,0.249,1.0720000000000027,Eclipsing Binary
18.229,14.290465,0.194,1.0180000000000007,Eclipsing Binary
18.073,41.059741,0.395,0.021000000000000796,Eclipsing Binary
19.192,6.20108,0.343,0.9390000000000001,Eclipsing Binary
18.537,28.70148,0.255,0.4209999999999994,Eclipsing Binary
19.521,1.323863,0.458,0.13599999999999923,Eclipsing Binary
19.873,0.622068,0.773,0.1720000000000006,Eclipsing Binary
19.214,8.28747,0.682,0.5200000000000031,Eclipsing Binary
19.831,2.924885,0.913,0.28500000000000014,Eclipsing Binary
18.346,5.545611,0.44,0.9029999999999987,Eclipsing Binary
19.107,4.883193,0.485,0.37900000000000134,Eclipsing Binary
18.074,9.783078,0.34,0.015999999999998238,Eclipsing Binary
17.688,1.3439,0.101,0.21799999999999997,Eclipsing Binary
19.187,2.938266,0.385,0.33699999999999974,Eclipsing Binary
19.28,5.30846,0.937,0.379999999999999,Eclipsing Binary
19.154,3.291312,0.461,0.10699999999999932,Eclipsing Binary
19.157,11.039471,0.421,0.10099999999999909,Eclipsing Binary
19.433,3.07025,0.717,0.1980000000000004,Eclipsing Binary
19.125,0.655852,0.78,0.1490000000000009,Eclipsing Binary
18.139,2.078577,0.336,0.05799999999999983,Eclipsing Binary
15.329,1.266358,0.111,-0.023000000000001464,Eclipsing Binary
18.368,6.340057,0.17,0.03500000000000014,Eclipsing Binary
19.704,1.101503,0.612,0.41600000000000037,Eclipsing Binary
19.863,3.370631,0.721,0.4089999999999989,Eclipsing Binary
17.192,3.263436,0.141,0.129999999999999,Eclipsing Binary
19.726,2.112133,0.55,0.5199999999999996,Eclipsing Binary
18.106,1.35237,0.246,0.1269999999999989,Eclipsing Binary
19.031,1.302807,0.332,0.11299999999999955,Eclipsing Binary
19.685,2.027447,0.64,0.17800000000000082,Eclipsing Binary
19.111,1.255324,0.666,0.17999999999999972,Eclipsing Binary
15.65,21.398308,0.085,0.036999999999999034,Eclipsing Binary
15.85,1.309166,0.029,0.9169999999999998,Eclipsing Binary
15.403,5.36955,0.145,-0.08399999999999963,Eclipsing Binary
18.576,4.96968,0.63,0.8309999999999995,Eclipsing Binary
17.891,3.559317,0.094,-0.005999999999996675,Eclipsing Binary
16.776,7.815315,0.516,0.03900000000000148,Eclipsing Binary
18.378,2.08827,0.647,0.1509999999999998,Eclipsing Binary
19.806,1.532615,0.881,0.20199999999999818,Eclipsing Binary
18.755,5.71818,0.876,0.3520000000000003,Eclipsing Binary
17.855,3.253642,0.166,0.6329999999999991,Eclipsing Binary
19.285,4.72294,1.021,0.08399999999999963,Eclipsing Binary
19.24,1.98262,0.586,0.2690000000000019,Eclipsing Binary
18.796,50.80033,0.269,0.0710000000000015,Eclipsing Binary
18.931,0.579704,0.28,-0.0010000000000012221,Eclipsing Binary
16.064,0.625142,0.144,0.0,Eclipsing Binary
19.052,0.845246,0.596,0.08399999999999963,Eclipsing Binary
19.319,1.389643,0.405,0.2220000000000013,Eclipsing Binary
18.8,0.942793,0.361,0.09299999999999997,Eclipsing Binary
18.292,6.486349,0.187,0.030999999999998806,Eclipsing Binary
17.988,1.697705,0.144,0.030999999999998806,Eclipsing Binary
16.245,287.4457,0.072,-0.03500000000000014,Eclipsing Binary
19.328,2.189996,0.395,0.10900000000000176,Eclipsing Binary
19.294,0.992946,0.937,0.0990000000000002,Eclipsing Binary
14.833,2.740386,0.361,-0.24900000000000055,Eclipsing Binary
18.645,2.695431,0.284,0.6000000000000014,Eclipsing Binary
18.93,48.96201,0.496,0.6580000000000013,Eclipsing Binary
18.853,3.610547,1.593,0.12599999999999767,Eclipsing Binary
18.474,4.483108,0.312,0.12099999999999866,Eclipsing Binary
18.516,0.722958,0.185,0.15400000000000347,Eclipsing Binary
18.729,6.10613,0.289,0.07900000000000063,Eclipsing Binary
16.733,87.642748,0.654,1.1980000000000004,Eclipsing Binary
17.934,0.971899,0.195,0.7519999999999989,Eclipsing Binary
19.972,2.57681,0.709,0.7439999999999998,Eclipsing Binary
18.338,13.508315,0.574,0.8419999999999987,Eclipsing Binary
19.499,2.758949,0.503,0.1180000000000021,Eclipsing Binary
16.93,2.06434,0.16,-0.14099999999999824,Eclipsing Binary
19.868,2.309399,0.76,0.15500000000000114,Eclipsing Binary
19.449,2.04136,0.757,0.37599999999999767,Eclipsing Binary
17.994,2.669602,0.232,0.004000000000001336,Eclipsing Binary
19.485,1.19757,0.747,0.05900000000000105,Eclipsing Binary
17.68,1.457103,0.202,0.08699999999999974,Eclipsing Binary
19.426,3.520799,0.563,0.30200000000000315,Eclipsing Binary
18.27,1.852794,0.519,-0.03200000000000003,Eclipsing Binary
18.898,1.574895,0.214,0.2839999999999989,Eclipsing Binary
19.333,4.695085,0.379,0.16400000000000148,Eclipsing Binary
16.06,135.01665,0.102,1.4550000000000018,Eclipsing Binary
19.633,4.529045,0.437,-1.2560000000000002,Eclipsing Binary
17.667,0.967393,0.19,0.008999999999996788,Eclipsing Binary
18.119,34.296175,0.297,0.8670000000000009,Eclipsing Binary
18.867,1.034917,0.481,0.13799999999999812,Eclipsing Binary
15.924,3.13016,0.342,-0.017999999999998906,Eclipsing Binary
19.234,8.726088,0.677,0.5809999999999995,Eclipsing Binary
16.748,1.813606,0.404,-0.0940000000000012,Eclipsing Binary
19.212,13.92841,0.377,0.2579999999999991,Eclipsing Binary
15.147,461.000095,0.047,1.6309999999999985,Eclipsing Binary
19.363,7.128876,0.399,0.14300000000000068,Eclipsing Binary
15.925,2.882522,0.15,0.0030000000000001137,Eclipsing Binary
16.318,4.73462,0.128,0.07699999999999818,Eclipsing Binary
17.678,2.707697,0.267,0.053999999999998494,Eclipsing Binary
18.641,4.960972,0.426,0.7560000000000002,Eclipsing Binary
16.257,1.945031,0.112,-0.13800000000000168,Eclipsing Binary
16.166,3.618466,0.07,-0.030999999999998806,Eclipsing Binary
19.307,6.50639,0.32,0.30700000000000216,Eclipsing Binary
18.23,3.355642,0.322,0.41000000000000014,Eclipsing Binary
15.908,2.088227,0.315,-0.13599999999999923,Eclipsing Binary
18.52,8.340907,0.386,-0.012999999999998124,Eclipsing Binary
19.365,1.398162,0.649,0.485000000000003,Eclipsing Binary
19.238,6.53412,1.176,0.35300000000000153,Eclipsing Binary
18.641,1.414219,0.604,0.07600000000000051,Eclipsing Binary
18.088,5.056179,0.245,0.012999999999998124,Eclipsing Binary
17.956,2.546283,0.153,0.010000000000001563,Eclipsing Binary
18.97,1.951755,0.577,0.10900000000000176,Eclipsing Binary
18.521,2.185167,0.435,0.15499999999999758,Eclipsing Binary
17.605,0.7946,0.383,0.0019999999999988916,Eclipsing Binary
17.296,87.019676,0.095,1.100999999999999,Eclipsing Binary
17.263,9.564447,0.065,-0.03400000000000247,Eclipsing Binary
16.246,2.23005,0.148,-0.06400000000000006,Eclipsing Binary
18.614,0.78274,0.606,0.16199999999999903,Eclipsing Binary
19.205,2.99113,0.627,0.15000000000000213,Eclipsing Binary
19.073,7.7588,0.974,0.6219999999999999,Eclipsing Binary
17.843,251.633095,0.149,0.9669999999999987,Eclipsing Binary
19.46,3.176869,0.388,0.22299999999999898,Eclipsing Binary
19.29,5.180076,0.514,0.3829999999999991,Eclipsing Binary
17.21,10.83502,0.451,-0.07000000000000028,Eclipsing Binary
18.832,43.56451,0.46,0.15200000000000102,Eclipsing Binary
19.496,1.143884,1.221,0.18599999999999994,Eclipsing Binary
18.122,1.230766,0.548,0.14699999999999847,Eclipsing Binary
17.78,14.280856,0.259,0.006000000000000227,Eclipsing Binary
18.688,5.216994,0.229,0.24600000000000222,Eclipsing Binary
18.328,8.054042,0.345,0.012000000000000455,Eclipsing Binary
17.075,49.851213,0.297,0.7149999999999999,Eclipsing Binary
18.763,1.565364,0.309,0.18499999999999872,Eclipsing Binary
15.694,169.842866,0.072,1.4260000000000002,Eclipsing Binary
19.834,6.400705,0.591,0.45200000000000173,Eclipsing Binary
18.266,13.008442,0.415,0.12200000000000344,Eclipsing Binary
19.337,1.237668,0.612,0.6030000000000015,Eclipsing Binary
19.908,1.301522,0.537,1.448999999999998,Eclipsing Binary
16.503,1.323983,0.384,-0.15500000000000114,Eclipsing Binary
18.718,1.454346,0.392,0.120000000000001,Eclipsing Binary
19.599,3.158311,0.442,0.5360000000000014,Eclipsing Binary
19.101,4.45317,0.852,0.3309999999999995,Eclipsing Binary
17.956,2.384323,0.428,0.15700000000000003,Eclipsing Binary
18.919,1.9436,1.19,0.2049999999999983,Eclipsing Binary
17.2,1.592634,0.062,-0.006000000000000227,Eclipsing Binary
18.917,3.464274,0.396,0.17499999999999716,Eclipsing Binary
17.991,6.6789,0.37,0.09799999999999898,Eclipsing Binary
15.506,3.80414,0.051,-0.012000000000000455,Eclipsing Binary
16.779,3.15151,0.103,0.06299999999999883,Eclipsing Binary
18.696,8.137422,0.411,1.311,Eclipsing Binary
18.645,23.070771,0.198,1.3539999999999992,Eclipsing Binary
18.464,45.416899,0.184,0.12300000000000111,Eclipsing Binary
19.272,2.446197,0.29,0.3760000000000012,Eclipsing Binary
19.222,1.727688,0.359,0.24499999999999744,Eclipsing Binary
18.659,1.477972,0.261,0.045999999999999375,Eclipsing Binary
19.249,22.117378,0.505,0.14199999999999946,Eclipsing Binary
18.927,4.0773,0.418,0.13500000000000156,Eclipsing Binary
19.296,1.323413,0.478,0.33200000000000074,Eclipsing Binary
19.163,3.508986,0.43,0.16999999999999815,Eclipsing Binary
19.242,2.859139,0.422,0.15199999999999747,Eclipsing Binary
19.755,1.88996,0.583,0.4610000000000021,Eclipsing Binary
17.719,8.764364,0.362,0.046999999999997044,Eclipsing Binary
18.994,1.884934,0.282,0.17600000000000193,Eclipsing Binary
18.729,6.76478,0.48,0.1769999999999996,Eclipsing Binary
17.643,2.648299,0.075,0.05799999999999983,Eclipsing Binary
16.527,44.96881,0.34,-0.08099999999999952,Eclipsing Binary
18.421,3.369216,0.279,0.012000000000000455,Eclipsing Binary
17.205,23.296342,0.232,1.086000000000002,Eclipsing Binary
18.267,6.227021,0.144,0.1930000000000014,Eclipsing Binary
18.146,44.07122,0.254,0.6989999999999981,Eclipsing Binary
18.838,19.774343,0.364,0.10999999999999943,Eclipsing Binary
18.085,28.44454,0.201,0.028999999999999915,Eclipsing Binary
18.654,3.12298,0.254,0.007999999999999119,Eclipsing Binary
17.234,23.525507,0.067,-0.13100000000000023,Eclipsing Binary
19.449,2.372638,0.507,0.4159999999999968,Eclipsing Binary
18.554,38.973588,0.18,0.8660000000000032,Eclipsing Binary
19.528,1.28218,0.636,0.6030000000000015,Eclipsing Binary
19.619,5.73905,0.969,0.3719999999999999,Eclipsing Binary
16.804,3.51669,0.067,0.8910000000000018,Eclipsing Binary
18.043,1.578846,0.137,0.9439999999999991,Eclipsing Binary
19.602,1.323233,0.809,0.5919999999999987,Eclipsing Binary
18.791,3.652103,0.612,0.1789999999999985,Eclipsing Binary
17.925,297.55859,0.333,1.070999999999998,Eclipsing Binary
16.966,23.587104,0.314,0.9549999999999983,Eclipsing Binary
16.818,30.38295,0.296,1.2149999999999999,Eclipsing Binary
19.352,6.043618,0.406,0.19699999999999918,Eclipsing Binary
14.595,1.762598,0.032,-0.17600000000000016,Eclipsing Binary
15.179,390.967149,0.04,1.5589999999999993,Eclipsing Binary
19.184,27.505798,0.466,0.8269999999999982,Eclipsing Binary
19.46,0.885617,0.726,0.11700000000000088,Eclipsing Binary
19.317,2.616735,0.426,0.8440000000000012,Eclipsing Binary
18.464,5.54189,0.314,0.620000000000001,Eclipsing Binary
16.494,4.679035,0.071,-0.047999999999998266,Eclipsing Binary
13.941,2.875463,0.076,0.1639999999999997,Eclipsing Binary
19.334,1.710738,0.546,0.20200000000000173,Eclipsing Binary
19.209,32.663296,0.377,0.9649999999999999,Eclipsing Binary
19.306,3.044063,0.363,0.16300000000000026,Eclipsing Binary
16.557,0.942789,0.128,-0.09399999999999764,Eclipsing Binary
17.332,24.98199,0.146,0.012999999999998124,Eclipsing Binary
18.443,3.88362,0.43,0.21099999999999852,Eclipsing Binary
17.863,2.634832,0.411,-0.015999999999998238,Eclipsing Binary
17.624,0.570532,0.595,-0.07099999999999795,Eclipsing Binary
16.391,79.462137,0.317,1.3110000000000035,Eclipsing Binary
17.678,7.114975,0.105,0.10699999999999932,Eclipsing Binary
17.506,4.40804,0.337,-0.07499999999999929,Eclipsing Binary
19.527,6.530729,0.431,0.9800000000000004,Eclipsing Binary
18.507,5.897466,0.63,0.21899999999999764,Eclipsing Binary
17.01,1.79199,0.689,-0.15600000000000236,Eclipsing Binary
18.935,1.677277,0.212,0.1390000000000029,Eclipsing Binary
19.092,13.0443,0.27,0.005000000000002558,Eclipsing Binary
19.607,3.405126,1.003,0.31400000000000006,Eclipsing Binary
16.733,9.08252,0.061,-0.015000000000000568,Eclipsing Binary
16.211,3.02324,0.228,-0.015999999999998238,Eclipsing Binary
19.187,9.47744,0.664,0.6449999999999996,Eclipsing Binary
18.654,1.06664,0.237,0.3099999999999987,Eclipsing Binary
18.77,6.369019,0.582,0.8880000000000017,Eclipsing Binary
19.083,9.381331,0.479,1.2570000000000014,Eclipsing Binary
19.999,3.965106,0.592,0.24900000000000233,Eclipsing Binary
18.366,1.194018,0.604,0.08099999999999952,Eclipsing Binary
18.798,1.53105,0.551,0.1460000000000008,Eclipsing Binary
15.187,1.213346,0.219,-0.06199999999999939,Eclipsing Binary
17.687,3.56852,0.258,0.06700000000000017,Eclipsing Binary
17.779,38.05363,0.703,0.6179999999999986,Eclipsing Binary
18.52,4.128224,0.331,-0.0519999999999996,Eclipsing Binary
18.599,4.8631,0.244,-0.04200000000000159,Eclipsing Binary
17.596,2.686463,0.132,-0.018000000000000682,Eclipsing Binary
17.746,57.62487,0.151,-0.05699999999999861,Eclipsing Binary
17.256,8.49,0.105,-0.010000000000001563,Eclipsing Binary
17.485,7.46741,0.118,0.027000000000001023,Eclipsing Binary
19.107,1.872616,0.41,0.4299999999999997,Eclipsing Binary
19.812,2.11042,0.59,0.33999999999999986,Eclipsing Binary
19.44,1.465579,0.427,0.3099999999999987,Eclipsing Binary
17.981,2.804768,0.155,0.14699999999999847,Eclipsing Binary
18.816,1.646448,0.207,0.10400000000000276,Eclipsing Binary
16.195,1.36064,0.375,-0.04800000000000182,Eclipsing Binary
18.559,1.0194,0.334,0.11799999999999855,Eclipsing Binary
19.036,18.430059,0.492,0.6340000000000003,Eclipsing Binary
18.85,109.77233,0.333,0.29399999999999693,Eclipsing Binary
19.244,1.08595,0.636,0.13500000000000156,Eclipsing Binary
14.975,129.20729,0.221,0.9589999999999996,Eclipsing Binary
18.174,1.560145,0.357,0.17900000000000205,Eclipsing Binary
18.166,33.15219,0.458,0.18700000000000117,Eclipsing Binary
19.766,2.257138,0.811,0.27300000000000324,Eclipsing Binary
18.271,2.48674,0.233,0.0,Eclipsing Binary
19.04,4.576287,0.266,0.07000000000000028,Eclipsing Binary
19.799,1.644702,0.757,0.3689999999999998,Eclipsing Binary
19.233,5.388348,0.582,0.9100000000000001,Eclipsing Binary
16.76,0.701395,0.076,0.0519999999999996,Eclipsing Binary
19.46,1.608236,0.453,0.4269999999999996,Eclipsing Binary
16.221,77.167071,0.195,1.2940000000000005,Eclipsing Binary
19.082,3.521605,0.368,0.254999999999999,Eclipsing Binary
18.376,5.758327,0.332,-0.004000000000001336,Eclipsing Binary
18.929,4.15355,0.512,2.0380000000000003,Eclipsing Binary
19.677,1.135635,0.617,0.5670000000000002,Eclipsing Binary
19.631,5.275631,0.551,0.5599999999999987,Eclipsing Binary
18.42,1.709628,0.22,0.06400000000000006,Eclipsing Binary
18.937,2.13809,0.271,0.1109999999999971,Eclipsing Binary
18.341,2.128427,0.165,0.5150000000000006,Eclipsing Binary
18.792,1.671175,0.418,0.0030000000000001137,Eclipsing Binary
18.912,4.05557,0.378,0.2469999999999999,Eclipsing Binary
17.925,30.69626,0.159,0.1750000000000007,Eclipsing Binary
19.243,5.780825,0.584,0.9640000000000022,Eclipsing Binary
17.892,101.920239,0.115,1.1069999999999993,Eclipsing Binary
15.423,1.334172,0.098,-0.0779999999999994,Eclipsing Binary
19.495,2.82143,1.108,0.13700000000000045,Eclipsing Binary
18.081,42.703689,0.208,1.2089999999999996,Eclipsing Binary
14.853,16.726175,0.034,0.2789999999999999,Eclipsing Binary
17.545,13.889087,0.602,0.5649999999999977,Eclipsing Binary
19.475,2.13471,1.014,0.1509999999999998,Eclipsing Binary
18.323,4.438656,0.143,0.06500000000000128,Eclipsing Binary
19.248,3.503393,0.385,0.6539999999999999,Eclipsing Binary
19.115,11.08769,0.466,0.25500000000000256,Eclipsing Binary
19.237,2.703868,0.402,0.07900000000000063,Eclipsing Binary
17.535,2.797274,0.082,-0.04400000000000048,Eclipsing Binary
19.324,5.718634,0.403,0.7769999999999975,Eclipsing Binary
17.996,1.817376,0.201,0.15600000000000236,Eclipsing Binary
16.715,1.759803,0.188,-0.10999999999999943,Eclipsing Binary
17.723,1.83523,1.366,0.07400000000000162,Eclipsing Binary
19.565,3.12207,0.517,0.2259999999999991,Eclipsing Binary
17.732,50.2692,0.178,0.08999999999999986,Eclipsing Binary
19.947,2.277114,0.81,0.2270000000000003,Eclipsing Binary
19.19,1.76684,0.414,0.09999999999999787,Eclipsing Binary
17.487,32.023869,0.104,1.3000000000000007,Eclipsing Binary
18.705,6.264335,0.57,0.1910000000000025,Eclipsing Binary
19.672,2.840606,0.487,0.5470000000000006,Eclipsing Binary
15.237,212.867967,0.038,1.4670000000000005,Eclipsing Binary
17.861,9.10494,0.174,0.06899999999999906,Eclipsing Binary
16.078,6.44799,0.116,-0.06400000000000006,Eclipsing Binary
19.286,5.477805,0.402,0.41000000000000014,Eclipsing Binary
19.456,3.289854,0.313,0.22500000000000142,Eclipsing Binary
17.382,1.356399,0.146,0.011999999999996902,Eclipsing Binary
17.717,2.389305,0.182,-0.012999999999998124,Eclipsing Binary
17.72,1.64057,0.079,0.8670000000000009,Eclipsing Binary
18.677,2.736884,0.28,0.26099999999999923,Eclipsing Binary
19.836,0.811217,0.86,0.24900000000000233,Eclipsing Binary
19.729,1.143064,0.836,0.4170000000000016,Eclipsing Binary
18.429,3.176541,0.242,-0.038000000000000256,Eclipsing Binary
19.027,3.370987,0.377,0.5109999999999992,Eclipsing Binary
18.045,4.557569,0.512,0.16799999999999926,Eclipsing Binary
18.419,9.07762,0.245,-0.030999999999998806,Eclipsing Binary
19.383,2.254033,0.455,0.10000000000000142,Eclipsing Binary
19.259,1.4501,0.546,0.10299999999999798,Eclipsing Binary
19.071,16.924254,0.415,1.0380000000000003,Eclipsing Binary
17.469,2.87692,0.226,0.11499999999999844,Eclipsing Binary
19.118,0.81657,0.41,0.07600000000000051,Eclipsing Binary
18.494,1.328664,0.26,0.15200000000000102,Eclipsing Binary
17.571,2.09422,0.123,0.2079999999999984,Eclipsing Binary
17.702,3.21704,0.282,0.05299999999999727,Eclipsing Binary
17.311,11.680742,0.345,-0.08599999999999852,Eclipsing Binary
16.462,19.871227,0.513,-0.07399999999999807,Eclipsing Binary
17.509,2.434528,0.687,0.022999999999999687,Eclipsing Binary
19.779,2.29448,0.671,0.6980000000000004,Eclipsing Binary
18.699,33.55389,0.562,0.21199999999999974,Eclipsing Binary
19.94,4.960308,0.815,0.29499999999999815,Eclipsing Binary
15.016,1.149137,0.073,-0.1639999999999997,Eclipsing Binary
18.968,1.050837,0.82,0.13500000000000156,Eclipsing Binary
19.797,4.189226,0.791,0.41000000000000014,Eclipsing Binary
19.25,4.14762,0.52,0.1039999999999992,Eclipsing Binary
19.557,4.793528,0.557,1.1320000000000014,Eclipsing Binary
19.17,13.312542,0.319,0.7429999999999986,Eclipsing Binary
17.902,1.589769,0.2,0.10999999999999943,Eclipsing Binary
17.857,12.526241,0.321,0.02500000000000213,Eclipsing Binary
19.736,1.084456,0.839,0.2710000000000008,Eclipsing Binary
19.961,1.415061,0.792,0.4009999999999998,Eclipsing Binary
19.678,1.752199,0.749,0.7139999999999986,Eclipsing Binary
17.185,2.635339,0.067,0.10300000000000153,Eclipsing Binary
17.656,1.936421,0.121,0.10999999999999943,Eclipsing Binary
17.415,4.363182,0.217,0.0940000000000012,Eclipsing Binary
17.93,44.64932,0.379,0.708000000000002,Eclipsing Binary
18.912,6.32698,0.331,-0.015999999999998238,Eclipsing Binary
18.742,11.8338,0.258,0.11700000000000088,Eclipsing Binary
15.708,1.51933,0.099,-0.11500000000000021,Eclipsing Binary
18.361,1.62821,0.365,0.24899999999999878,Eclipsing Binary
18.757,1.679725,0.792,0.29699999999999704,Eclipsing Binary
18.027,11.97512,0.362,0.05699999999999861,Eclipsing Binary
17.916,1.673912,0.205,0.015000000000000568,Eclipsing Binary
15.967,1.23119,0.106,-0.06700000000000017,Eclipsing Binary
18.928,1.231498,0.367,0.17999999999999972,Eclipsing Binary
19.95,2.316573,1.007,0.21600000000000108,Eclipsing Binary
18.656,1.780321,0.178,0.054999999999999716,Eclipsing Binary
19.821,3.370642,0.747,0.30799999999999983,Eclipsing Binary
19.163,8.094784,0.331,0.8460000000000001,Eclipsing Binary
18.329,5.338383,0.258,0.021000000000000796,Eclipsing Binary
19.602,2.56931,0.939,0.11599999999999966,Eclipsing Binary
18.519,4.00819,0.271,-0.004999999999999005,Eclipsing Binary
18.247,2.371188,0.337,0.1739999999999995,Eclipsing Binary
19.377,0.796637,0.718,0.0920000000000023,Eclipsing Binary
19.813,10.314134,0.688,0.09600000000000009,Eclipsing Binary
18.407,18.402834,0.588,1.1340000000000003,Eclipsing Binary
16.082,1.434745,0.256,0.21699999999999875,Eclipsing Binary
18.83,2.802956,0.32,0.1280000000000001,Eclipsing Binary
16.318,12.48149,0.07,0.04499999999999815,Eclipsing Binary
18.488,2.23596,0.394,-0.0010000000000012221,Eclipsing Binary
17.823,0.898046,0.135,0.07399999999999807,Eclipsing Binary
18.751,1.489631,0.453,0.12399999999999878,Eclipsing Binary
18.189,1.511549,0.14,0.9529999999999994,Eclipsing Binary
18.898,0.898119,0.374,-0.09600000000000009,Eclipsing Binary
16.56,8.12009,0.081,-0.0799999999999983,Eclipsing Binary
19.372,1.418219,0.702,0.16600000000000037,Eclipsing Binary
16.961,4.184386,0.087,-0.06700000000000017,Eclipsing Binary
17.913,1.383434,0.298,0.13899999999999935,Eclipsing Binary
18.933,2.06461,0.311,0.05999999999999872,Eclipsing Binary
18.001,1.093573,0.504,0.17299999999999827,Eclipsing Binary
19.417,3.778145,1.056,0.2809999999999988,Eclipsing Binary
18.618,3.537937,0.176,0.43100000000000094,Eclipsing Binary
17.161,10.1874,0.365,0.6630000000000003,Eclipsing Binary
17.141,2.24124,0.497,0.014000000000002899,Eclipsing Binary
16.287,8.756282,1.544,0.26200000000000045,Eclipsing Binary
19.466,5.46737,0.35,0.021999999999998465,Eclipsing Binary
19.557,1.817235,0.556,0.29100000000000037,Eclipsing Binary
19.045,8.2296,1.029,1.1459999999999972,Eclipsing Binary
16.455,16.162193,0.193,0.0010000000000012221,Eclipsing Binary
19.711,4.366752,0.62,0.7930000000000028,Eclipsing Binary
19.013,3.012826,0.312,0.24799999999999756,Eclipsing Binary
19.484,8.083107,0.623,0.634999999999998,Eclipsing Binary
15.779,3.844232,0.031,-0.002000000000000668,Eclipsing Binary
17.675,63.800834,0.104,0.8099999999999987,Eclipsing Binary
16.994,1.44784,0.185,0.021000000000000796,Eclipsing Binary
19.44,1.762283,0.613,0.20599999999999952,Eclipsing Binary
18.715,8.483356,0.573,0.5339999999999989,Eclipsing Binary
17.409,2.50015,0.291,0.028000000000002245,Eclipsing Binary
16.002,3.605935,0.035,-0.06799999999999962,Eclipsing Binary
19.606,1.874346,0.735,0.05699999999999861,Eclipsing Binary
16.726,1.055017,0.153,0.03999999999999915,Eclipsing Binary
18.137,0.869617,0.212,0.20199999999999818,Eclipsing Binary
18.483,0.644966,0.321,0.15399999999999991,Eclipsing Binary
18.81,1.62577,0.626,0.12600000000000122,Eclipsing Binary
19.237,19.24199,0.496,0.7300000000000004,Eclipsing Binary
17.95,5.78406,0.19,0.0259999999999998,Eclipsing Binary
19.027,14.147485,0.338,0.10299999999999798,Eclipsing Binary
19.437,2.65689,1.082,0.2809999999999988,Eclipsing Binary
19.221,2.375255,0.49,0.6119999999999983,Eclipsing Binary
17.598,1.55308,0.682,0.05100000000000193,Eclipsing Binary
16.662,94.4232,0.353,0.08600000000000207,Eclipsing Binary
18.286,6.05159,0.195,0.134999999999998,Eclipsing Binary
14.239,3.494493,0.175,-0.09200000000000053,Eclipsing Binary
18.46,4.43447,0.353,-0.07000000000000028,Eclipsing Binary
19.001,1.54763,0.523,0.04899999999999949,Eclipsing Binary
18.909,3.17588,0.706,0.33699999999999974,Eclipsing Binary
19.515,0.79089,0.771,0.2270000000000003,Eclipsing Binary
19.21,14.714554,0.864,0.5329999999999977,Eclipsing Binary
18.697,1.083223,0.378,0.0730000000000004,Eclipsing Binary
17.504,6.788121,0.077,0.9480000000000004,Eclipsing Binary
19.46,4.467489,0.414,0.06199999999999761,Eclipsing Binary
15.676,1.058944,0.062,0.0389999999999997,Eclipsing Binary
19.521,11.85365,0.495,1.1179999999999986,Eclipsing Binary
19.429,3.819471,0.598,-0.11399999999999721,Eclipsing Binary
19.077,40.788383,0.439,0.3329999999999984,Eclipsing Binary
19.707,2.03785,0.938,0.19500000000000028,Eclipsing Binary
19.359,1.54804,0.439,0.16799999999999926,Eclipsing Binary
19.642,2.950928,0.539,0.4870000000000019,Eclipsing Binary
17.574,44.272136,0.16,0.8339999999999996,Eclipsing Binary
18.596,7.410428,0.185,0.15800000000000125,Eclipsing Binary
19.764,3.809158,0.625,0.5640000000000001,Eclipsing Binary
18.969,1.89964,0.248,0.09699999999999775,Eclipsing Binary
18.917,1.445227,0.249,0.16199999999999903,Eclipsing Binary
18.541,2.69306,0.197,0.1999999999999993,Eclipsing Binary
18.171,7.75041,0.181,0.15000000000000213,Eclipsing Binary
18.625,8.299569,0.381,0.9849999999999994,Eclipsing Binary
18.519,1.54545,0.225,0.15300000000000225,Eclipsing Binary
18.163,118.978374,0.134,1.123000000000001,Eclipsing Binary
13.255,10.42134,0.214,0.9259999999999984,Eclipsing Binary
18.047,2.56071,0.206,-0.006000000000000227,Eclipsing Binary
18.387,120.040367,0.142,1.3610000000000007,Eclipsing Binary
16.231,23.03758,0.062,-0.018000000000000682,Eclipsing Binary
17.63,18.14691,0.262,0.027000000000001023,Eclipsing Binary
18.252,13.944201,0.184,0.015000000000000568,Eclipsing Binary
18.273,0.706058,0.796,0.02400000000000091,Eclipsing Binary
18.231,2.188283,0.609,-0.0010000000000012221,Eclipsing Binary
18.601,0.978892,0.315,0.09600000000000009,Eclipsing Binary
19.683,0.817784,0.703,0.3019999999999996,Eclipsing Binary
15.444,28.869,0.071,-0.10600000000000165,Eclipsing Binary
19.714,3.32838,1.03,0.32700000000000173,Eclipsing Binary
18.467,2.068973,0.171,0.10700000000000287,Eclipsing Binary
18.35,28.069627,0.307,1.2439999999999998,Eclipsing Binary
17.693,6.752371,0.119,0.4989999999999988,Eclipsing Binary
18.016,1.66825,0.235,0.015000000000000568,Eclipsing Binary
17.852,2.193153,0.109,0.021999999999998465,Eclipsing Binary
19.064,2.738472,0.305,0.2469999999999999,Eclipsing Binary
16.758,40.36749,0.086,-0.09199999999999875,Eclipsing Binary
17.082,3.964023,0.233,0.11100000000000065,Eclipsing Binary
16.242,7.107934,0.057,0.14399999999999835,Eclipsing Binary
19.001,2.799104,0.261,0.2829999999999977,Eclipsing Binary
19.553,2.108379,0.519,0.5589999999999975,Eclipsing Binary
18.181,15.833904,0.242,0.16600000000000037,Eclipsing Binary
19.592,4.781564,0.51,0.5030000000000001,Eclipsing Binary
16.928,15.075898,0.156,0.3930000000000007,Eclipsing Binary
16.632,46.456803,0.332,0.6189999999999998,Eclipsing Binary
17.694,2.563354,0.119,0.6359999999999992,Eclipsing Binary
17.337,2.338217,0.283,0.3760000000000012,Eclipsing Binary
19.122,3.687618,0.273,1.1020000000000003,Eclipsing Binary
19.267,3.073311,0.375,0.25400000000000134,Eclipsing Binary
17.95,110.548967,0.215,1.0360000000000014,Eclipsing Binary
19.202,1.394667,0.616,0.35999999999999943,Eclipsing Binary
19.091,2.091537,0.979,0.16600000000000037,Eclipsing Binary
19.597,4.0449,1.058,0.2779999999999987,Eclipsing Binary
16.305,1.178253,0.117,-0.0010000000000012221,Eclipsing Binary
17.491,14.03176,0.153,-0.07399999999999807,Eclipsing Binary
19.95,3.040704,0.734,0.35300000000000153,Eclipsing Binary
17.861,28.28219,0.254,0.05000000000000071,Eclipsing Binary
19.314,4.38951,1.225,0.3019999999999996,Eclipsing Binary
18.035,0.374076,0.237,0.6449999999999996,Eclipsing Binary
18.39,3.233214,0.134,0.0329999999999977,Eclipsing Binary
19.159,1.696445,0.343,0.3410000000000011,Eclipsing Binary
17.491,10.25016,0.125,0.31200000000000117,Eclipsing Binary
17.335,2.261004,0.304,-0.03200000000000003,Eclipsing Binary
19.415,1.529404,0.538,0.14199999999999946,Eclipsing Binary
16.788,3.804357,0.086,0.0070000000000014495,Eclipsing Binary
17.225,8.473267,0.358,0.022999999999999687,Eclipsing Binary
17.06,1.978756,0.91,-0.010999999999999233,Eclipsing Binary
17.941,3.732544,0.133,0.11899999999999977,Eclipsing Binary
18.982,8.42527,0.354,0.038000000000000256,Eclipsing Binary
17.537,2.401652,0.079,-0.015999999999998238,Eclipsing Binary
19.089,1.294066,0.332,0.277000000000001,Eclipsing Binary
17.089,1.306868,0.193,0.0730000000000004,Eclipsing Binary
16.81,21.48826,0.144,0.40700000000000003,Eclipsing Binary
19.805,5.633172,0.569,0.5120000000000005,Eclipsing Binary
19.546,1.82544,0.476,0.22500000000000142,Eclipsing Binary
18.776,1.271451,0.265,0.12300000000000111,Eclipsing Binary
19.506,2.464422,1.199,-0.33000000000000185,Eclipsing Binary
18.497,4.531931,0.14,-0.03300000000000125,Eclipsing Binary
19.704,4.09896,0.494,0.5769999999999982,Eclipsing Binary
19.565,5.102392,0.449,0.8069999999999986,Eclipsing Binary
14.69,5.34497,0.173,-0.09199999999999875,Eclipsing Binary
17.577,42.956996,0.29,1.129999999999999,Eclipsing Binary
19.595,2.182971,0.659,0.44200000000000017,Eclipsing Binary
19.133,1.970154,0.492,0.370000000000001,Eclipsing Binary
15.273,6.010082,0.061,-0.2159999999999993,Eclipsing Binary
18.333,9.082891,0.398,0.05600000000000094,Eclipsing Binary
16.698,1.388377,0.406,-0.08500000000000085,Eclipsing Binary
18.106,638.618613,0.737,1.4579999999999984,Eclipsing Binary
19.601,1.758358,0.567,0.4670000000000023,Eclipsing Binary
19.39,6.794469,0.573,0.5180000000000007,Eclipsing Binary
19.364,1.541111,0.469,0.29299999999999926,Eclipsing Binary
18.418,1.161979,0.423,0.10800000000000054,Eclipsing Binary
17.697,33.008861,0.224,1.3740000000000023,Eclipsing Binary
18.905,3.74101,0.412,0.11999999999999744,Eclipsing Binary
19.825,2.806175,0.518,0.3780000000000001,Eclipsing Binary
14.752,6.748363,0.125,-0.12199999999999989,Eclipsing Binary
16.005,129.40946,0.068,1.274000000000001,Eclipsing Binary
16.72,2.0457,0.1,-0.012999999999998124,Eclipsing Binary
18.185,2.761814,0.119,0.1700000000000017,Eclipsing Binary
17.2,3.978626,0.349,0.08800000000000097,Eclipsing Binary
18.1,9.1322,0.149,-0.0660000000000025,Eclipsing Binary
19.538,2.32362,1.048,0.2339999999999982,Eclipsing Binary
19.318,2.49099,0.553,0.06599999999999895,Eclipsing Binary
16.154,30.971941,0.095,0.01600000000000179,Eclipsing Binary
14.761,10.03188,1.217,0.03900000000000148,Eclipsing Binary
17.721,16.75886,0.285,0.7319999999999993,Eclipsing Binary
17.902,1.889665,0.109,0.7799999999999976,Eclipsing Binary
17.111,1.937381,0.058,0.12300000000000111,Eclipsing Binary
14.616,1.71651,0.251,0.3670000000000009,Eclipsing Binary
17.659,0.898077,0.396,-0.06599999999999895,Eclipsing Binary
18.619,1.967982,0.285,0.10600000000000165,Eclipsing Binary
17.111,32.301597,0.171,1.1209999999999987,Eclipsing Binary
17.103,26.37171,0.187,-0.028999999999999915,Eclipsing Binary
18.222,2.423251,0.232,0.13299999999999912,Eclipsing Binary
19.524,2.04639,0.612,0.14699999999999847,Eclipsing Binary
16.177,246.04059,0.042,1.722999999999999,Eclipsing Binary
19.126,0.579252,0.378,0.26099999999999923,Eclipsing Binary
19.175,1.603157,0.317,0.21599999999999753,Eclipsing Binary
19.648,2.24168,0.814,0.08399999999999963,Eclipsing Binary
16.992,2.294956,0.071,-0.05799999999999983,Eclipsing Binary
18.312,2.904003,0.279,0.05299999999999727,Eclipsing Binary
18.61,1.232634,0.451,0.1410000000000018,Eclipsing Binary
17.238,2.018814,0.166,0.004999999999999005,Eclipsing Binary
18.864,9.733315,0.292,0.6039999999999992,Eclipsing Binary
16.998,14.626733,0.192,0.004999999999999005,Eclipsing Binary
17.3,4.523365,0.215,2.724,Eclipsing Binary
18.118,380.362,0.185,0.9510000000000005,Eclipsing Binary
18.847,1.691379,0.234,0.12099999999999866,Eclipsing Binary
18.888,3.467363,0.221,0.5609999999999999,Eclipsing Binary
19.147,6.36229,0.426,0.2690000000000019,Eclipsing Binary
18.986,11.084566,0.506,0.384999999999998,Eclipsing Binary
19.316,2.882614,0.357,0.34800000000000253,Eclipsing Binary
19.755,2.798411,0.695,0.11400000000000077,Eclipsing Binary
18.788,1.833554,0.536,0.02400000000000091,Eclipsing Binary
18.388,4.002958,0.46,0.04899999999999949,Eclipsing Binary
18.326,1.876074,0.386,0.25900000000000034,Eclipsing Binary
19.808,0.553679,0.594,0.26399999999999935,Eclipsing Binary
18.737,17.8268,0.295,0.18100000000000094,Eclipsing Binary
19.599,3.903575,0.676,0.1930000000000014,Eclipsing Binary
15.365,78.83486,0.068,-0.13100000000000023,Eclipsing Binary
19.208,9.49826,0.434,0.037000000000002586,Eclipsing Binary
17.901,1.53911,0.658,0.02499999999999858,Eclipsing Binary
18.168,67.887535,0.309,0.6329999999999991,Eclipsing Binary
17.778,3.218461,0.148,0.0030000000000001137,Eclipsing Binary
18.918,1.645613,0.223,0.10600000000000165,Eclipsing Binary
19.578,3.97126,0.629,0.08800000000000097,Eclipsing Binary
19.015,1.177181,0.454,0.23600000000000065,Eclipsing Binary
18.245,38.487381,0.21,1.0259999999999998,Eclipsing Binary
19.636,1.559745,0.535,0.01600000000000179,Eclipsing Binary
14.563,3.545501,0.139,-0.10599999999999987,Eclipsing Binary
19.369,14.786237,0.66,0.5459999999999994,Eclipsing Binary
19.113,3.637373,0.418,1.0030000000000001,Eclipsing Binary
18.216,1.10316,0.401,-0.277000000000001,Eclipsing Binary
17.622,3.562845,0.441,-0.05799999999999983,Eclipsing Binary
19.329,2.05582,0.277,0.03500000000000014,Eclipsing Binary
18.7,6.98946,0.311,0.3930000000000007,Eclipsing Binary
17.9,4.640795,0.365,0.014000000000002899,Eclipsing Binary
17.136,12.23053,0.092,1.0869999999999997,Eclipsing Binary
17.301,44.98489,0.366,1.0310000000000024,Eclipsing Binary
18.338,5.50294,0.382,0.08999999999999986,Eclipsing Binary
18.725,3.222881,0.288,0.134999999999998,Eclipsing Binary
19.616,0.982334,0.804,0.3150000000000013,Eclipsing Binary
18.204,9.937104,0.249,1.0380000000000003,Eclipsing Binary
16.775,1.44491,0.122,-0.04999999999999716,Eclipsing Binary
19.993,4.640908,0.601,0.45600000000000307,Eclipsing Binary
16.197,3.044428,0.058,-0.0589999999999975,Eclipsing Binary
15.352,10.7585,0.065,-0.12199999999999989,Eclipsing Binary
18.628,2.972271,0.233,0.10500000000000043,Eclipsing Binary
17.121,2.05057,0.135,-0.16999999999999815,Eclipsing Binary
15.797,0.705312,0.328,1.1119999999999983,Eclipsing Binary
18.624,8.17868,0.288,0.2699999999999996,Eclipsing Binary
16.048,1.176008,0.337,-0.08799999999999741,Eclipsing Binary
19.817,4.53098,0.847,0.3299999999999983,Eclipsing Binary
18.952,0.588812,0.651,0.16599999999999682,Eclipsing Binary
18.017,3.365077,0.276,0.08800000000000097,Eclipsing Binary
19.815,7.89728,0.581,0.3099999999999987,Eclipsing Binary
18.993,0.907914,0.395,0.40000000000000213,Eclipsing Binary
16.093,1.568985,0.213,-0.030999999999998806,Eclipsing Binary
19.616,3.43836,0.553,0.4540000000000006,Eclipsing Binary
18.557,2.295746,0.515,0.022999999999999687,Eclipsing Binary
18.399,0.671972,0.373,1.2509999999999977,Eclipsing Binary
17.836,2.688857,0.179,-0.0519999999999996,Eclipsing Binary
18.064,3.446509,0.324,-0.08999999999999986,Eclipsing Binary
19.239,5.687833,0.459,0.5159999999999982,Eclipsing Binary
18.94,0.53655,0.661,0.04400000000000048,Eclipsing Binary
19.573,1.692738,0.511,-0.5330000000000013,Eclipsing Binary
19.07,2.039154,0.294,0.19000000000000128,Eclipsing Binary
19.454,2.41129,1.059,0.17299999999999827,Eclipsing Binary
17.296,11.18951,0.15,-0.012000000000000455,Eclipsing Binary
18.27,1.589621,0.196,0.05000000000000071,Eclipsing Binary
18.666,7.495584,0.281,0.9190000000000005,Eclipsing Binary
19.052,7.14919,0.887,0.7340000000000018,Eclipsing Binary
19.574,1.46324,0.932,0.4469999999999992,Eclipsing Binary
17.354,6.35807,0.085,-0.038000000000000256,Eclipsing Binary
18.333,15.735235,0.31,1.157,Eclipsing Binary
16.297,0.977598,0.106,-0.013000000000001677,Eclipsing Binary
18.977,3.03875,0.253,0.1509999999999998,Eclipsing Binary
18.316,1.581835,0.165,0.12199999999999989,Eclipsing Binary
17.977,3.38404,0.239,0.597999999999999,Eclipsing Binary
17.742,660.60919,0.349,0.9399999999999977,Eclipsing Binary
18.736,4.954028,0.283,0.2469999999999999,Eclipsing Binary
17.95,52.97657,0.161,-0.053999999999998494,Eclipsing Binary
16.813,4.91493,0.538,0.0070000000000014495,Eclipsing Binary
19.738,2.963615,0.918,0.42600000000000193,Eclipsing Binary
17.765,1.483729,0.207,0.03500000000000014,Eclipsing Binary
18.689,2.571908,0.569,0.05999999999999872,Eclipsing Binary
19.107,3.388959,0.556,0.19200000000000017,Eclipsing Binary
19.962,3.070749,0.965,0.8399999999999999,Eclipsing Binary
18.899,4.735259,0.589,0.26399999999999935,Eclipsing Binary
19.951,1.871892,0.778,0.14699999999999847,Eclipsing Binary
19.012,1.290228,0.351,0.05799999999999983,Eclipsing Binary
17.851,13.4702,0.586,-0.047999999999998266,Eclipsing Binary
17.636,0.976889,0.28,-0.009000000000000341,Eclipsing Binary
18.422,2.042153,0.349,0.14999999999999858,Eclipsing Binary
17.373,20.900253,0.453,0.7569999999999979,Eclipsing Binary
19.1,1.131198,0.42,0.14199999999999946,Eclipsing Binary
17.723,0.556216,0.12,0.006000000000000227,Eclipsing Binary
19.409,0.86977,0.463,-0.009000000000000341,Eclipsing Binary
19.56,2.38593,0.568,0.272000000000002,Eclipsing Binary
17.236,2.764212,0.105,-0.015000000000000568,Eclipsing Binary
19.368,1.283494,0.423,0.0990000000000002,Eclipsing Binary
18.691,1.321617,0.352,0.1680000000000028,Eclipsing Binary
17.592,5.02544,0.367,0.09600000000000009,Eclipsing Binary
16.376,16.083067,0.056,-0.02500000000000213,Eclipsing Binary
19.144,3.15437,0.459,0.17100000000000293,Eclipsing Binary
18.953,6.523097,1.596,0.2220000000000013,Eclipsing Binary
19.089,2.19303,0.553,0.240000000000002,Eclipsing Binary
17.328,8.760585,0.106,0.05799999999999983,Eclipsing Binary
19.36,3.613457,0.407,0.27500000000000213,Eclipsing Binary
17.411,31.120073,0.074,1.033999999999999,Eclipsing Binary
16.816,8.726352,0.047,-0.004999999999999005,Eclipsing Binary
19.376,1.345733,0.384,0.17499999999999716,Eclipsing Binary
17.994,5.112635,0.18,0.0710000000000015,Eclipsing Binary
17.437,3.19902,0.129,0.0009999999999976694,Eclipsing Binary
19.736,2.301202,0.54,0.5769999999999982,Eclipsing Binary
15.985,0.83458,0.136,0.0070000000000014495,Eclipsing Binary
17.455,61.52546,0.176,0.23900000000000077,Eclipsing Binary
16.491,2.42531,0.114,-0.13100000000000023,Eclipsing Binary
19.893,1.8562,0.708,0.4269999999999996,Eclipsing Binary
17.599,3.945866,0.082,0.16999999999999815,Eclipsing Binary
17.329,0.794112,0.078,-0.062000000000001165,Eclipsing Binary
18.221,1.439739,0.142,0.23600000000000065,Eclipsing Binary
17.389,3.581412,0.13,0.04200000000000159,Eclipsing Binary
19.179,4.242836,0.938,0.4120000000000026,Eclipsing Binary
18.678,3.88664,0.37,0.8580000000000005,Eclipsing Binary
16.681,0.916166,0.553,-0.14199999999999946,Eclipsing Binary
19.763,1.981893,0.747,0.2029999999999994,Eclipsing Binary
18.254,4.644365,0.154,0.0730000000000004,Eclipsing Binary
16.307,41.694295,0.088,1.0579999999999998,Eclipsing Binary
16.681,3.54671,1.098,0.023999999999997357,Eclipsing Binary
17.689,10.702257,0.147,-0.021000000000000796,Eclipsing Binary
18.536,5.97752,0.281,-0.011000000000002785,Eclipsing Binary
18.58,2.272825,0.494,-0.010999999999999233,Eclipsing Binary
19.149,3.173582,0.248,0.16900000000000048,Eclipsing Binary
18.051,11.83306,0.192,0.6310000000000002,Eclipsing Binary
16.852,13.94126,0.198,-0.03999999999999915,Eclipsing Binary
18.183,6.950795,0.297,-0.021000000000000796,Eclipsing Binary
17.219,346.55508,0.131,1.1429999999999971,Eclipsing Binary
19.496,3.526509,1.078,0.1880000000000024,Eclipsing Binary
18.259,1.720535,0.173,0.08699999999999974,Eclipsing Binary
16.719,0.966561,0.247,0.11599999999999966,Eclipsing Binary
19.468,9.26475,0.658,0.3500000000000014,Eclipsing Binary
18.688,2.90157,0.5,0.24200000000000088,Eclipsing Binary
19.664,2.81261,0.479,0.31700000000000017,Eclipsing Binary
19.496,2.586175,0.4,0.2710000000000008,Eclipsing Binary
19.956,3.766546,0.643,0.3260000000000005,Eclipsing Binary
18.478,3.368002,0.36,0.11599999999999966,Eclipsing Binary
18.125,18.11846,0.255,0.09100000000000108,Eclipsing Binary
16.865,6.16193,0.115,0.0070000000000014495,Eclipsing Binary
18.953,2.69402,0.315,0.17300000000000182,Eclipsing Binary
18.799,5.076952,0.332,0.004999999999999005,Eclipsing Binary
18.493,1.393597,0.289,-0.011999999999996902,Eclipsing Binary
17.99,9.678358,0.114,0.8810000000000002,Eclipsing Binary
19.144,7.52446,0.552,0.3130000000000024,Eclipsing Binary
19.73,1.736959,0.546,0.26899999999999835,Eclipsing Binary
17.853,38.0078,0.358,0.9919999999999973,Eclipsing Binary
15.118,156.377996,0.085,1.4169999999999998,Eclipsing Binary
17.229,6.044338,0.136,-0.08699999999999974,Eclipsing Binary
19.733,4.845929,0.441,0.49299999999999855,Eclipsing Binary
19.474,4.967202,0.477,0.5120000000000005,Eclipsing Binary
14.659,189.99748,0.313,1.1499999999999986,Eclipsing Binary
17.538,1.859586,0.31,0.062000000000001165,Eclipsing Binary
17.302,25.00474,0.077,0.07900000000000063,Eclipsing Binary
19.022,2.111274,0.307,0.17800000000000082,Eclipsing Binary
15.975,3.400927,0.067,-0.10899999999999999,Eclipsing Binary
19.701,0.992093,1.003,0.11700000000000088,Eclipsing Binary
19.305,3.202828,0.514,0.48900000000000077,Eclipsing Binary
18.935,3.15369,0.436,0.06700000000000017,Eclipsing Binary
18.963,3.601395,0.25,0.11199999999999832,Eclipsing Binary
17.407,20.582618,0.125,0.06800000000000139,Eclipsing Binary
19.837,5.500612,0.616,0.8829999999999991,Eclipsing Binary
15.628,7.93956,0.062,-0.1620000000000008,Eclipsing Binary
19.789,2.091966,0.549,0.3839999999999968,Eclipsing Binary
19.382,2.914365,0.418,0.16499999999999915,Eclipsing Binary
18.275,2.12943,0.354,0.0070000000000014495,Eclipsing Binary
16.359,102.04347,0.057,-0.12300000000000111,Eclipsing Binary
18.87,1.803373,0.219,0.6430000000000007,Eclipsing Binary
17.041,2.709033,0.377,-0.09600000000000009,Eclipsing Binary
17.938,2.56998,0.199,0.17900000000000205,Eclipsing Binary
18.564,3.768714,0.232,0.2270000000000003,Eclipsing Binary
17.787,22.773913,0.262,-0.09299999999999997,Eclipsing Binary
17.655,12.822115,0.283,0.42799999999999727,Eclipsing Binary
17.759,16.589088,0.22,1.0360000000000014,Eclipsing Binary
17.153,1.446919,0.207,-0.027999999999998693,Eclipsing Binary
18.171,172.118,0.181,0.7899999999999991,Eclipsing Binary
19.965,2.720919,0.574,0.4540000000000006,Eclipsing Binary
19.585,5.710771,0.872,0.6899999999999977,Eclipsing Binary
17.803,2.186832,0.109,0.8279999999999994,Eclipsing Binary
18.547,16.690872,0.626,1.306000000000001,Eclipsing Binary
19.722,1.224514,0.561,0.15700000000000003,Eclipsing Binary
17.242,20.626152,0.214,0.5609999999999999,Eclipsing Binary
19.263,22.65488,0.548,0.35199999999999676,Eclipsing Binary
19.989,3.169449,0.728,0.7049999999999983,Eclipsing Binary
19.693,2.410019,0.673,0.26899999999999835,Eclipsing Binary
18.299,1.317386,0.203,0.14300000000000068,Eclipsing Binary
19.215,4.19151,0.355,0.17999999999999972,Eclipsing Binary
17.828,2.102553,0.124,0.10800000000000054,Eclipsing Binary
17.588,27.389907,0.104,0.907,Eclipsing Binary
19.763,0.915111,0.933,0.2569999999999979,Eclipsing Binary
19.206,2.036723,0.346,0.1769999999999996,Eclipsing Binary
18.656,3.788248,0.207,0.1670000000000016,Eclipsing Binary
18.246,22.656563,0.38,0.9710000000000001,Eclipsing Binary
16.196,12.38604,0.071,0.0519999999999996,Eclipsing Binary
17.847,3.72409,0.289,0.0259999999999998,Eclipsing Binary
17.297,5.141667,0.215,-0.08200000000000074,Eclipsing Binary
18.863,1.902984,0.496,0.10800000000000054,Eclipsing Binary
18.028,199.734236,0.427,0.9450000000000003,Eclipsing Binary
18.876,18.880874,0.442,0.04899999999999949,Eclipsing Binary
19.678,7.745425,0.806,0.3789999999999978,Eclipsing Binary
19.006,2.4679,0.376,0.14999999999999858,Eclipsing Binary
19.378,1.965643,0.419,0.41199999999999903,Eclipsing Binary
19.573,0.72783,0.712,0.2970000000000006,Eclipsing Binary
17.408,22.017712,0.099,1.009999999999998,Eclipsing Binary
15.924,5.868619,0.69,-0.011999999999998678,Eclipsing Binary
19.415,2.530384,0.56,0.16600000000000037,Eclipsing Binary
17.659,12.145008,0.169,1.2290000000000028,Eclipsing Binary
18.945,3.964965,0.301,0.12600000000000122,Eclipsing Binary
17.253,3.04781,0.57,0.009000000000000341,Eclipsing Binary
19.17,1.522709,0.283,0.19299999999999784,Eclipsing Binary
17.032,27.043613,0.35,-0.11599999999999966,Eclipsing Binary
17.24,21.25581,0.27,0.7100000000000009,Eclipsing Binary
17.496,35.112139,0.352,1.149000000000001,Eclipsing Binary
19.393,1.734811,0.449,0.38400000000000034,Eclipsing Binary
19.256,2.212333,0.448,0.26899999999999835,Eclipsing Binary
17.458,5.50036,0.324,0.8719999999999999,Eclipsing Binary
19.505,3.926821,0.663,0.38200000000000145,Eclipsing Binary
18.383,1.193043,0.175,0.15200000000000102,Eclipsing Binary
18.179,1.664889,0.13,0.06099999999999994,Eclipsing Binary
18.493,3.022788,0.231,0.10300000000000153,Eclipsing Binary
18.392,7.45853,0.181,0.09100000000000108,Eclipsing Binary
16.299,2.145747,0.165,-0.12199999999999989,Eclipsing Binary
16.526,7.05332,0.216,-0.004999999999999005,Eclipsing Binary
18.774,0.878769,0.373,0.04100000000000037,Eclipsing Binary
15.339,1.882216,0.4,0.25900000000000034,Eclipsing Binary
18.454,1.295697,0.173,0.15200000000000102,Eclipsing Binary
17.594,1.866772,0.083,0.021999999999998465,Eclipsing Binary
18.816,2.872058,0.457,0.19000000000000128,Eclipsing Binary
17.038,71.192409,0.542,1.1069999999999993,Eclipsing Binary
19.35,1.08122,0.673,0.26699999999999946,Eclipsing Binary
17.71,1.099402,0.161,-0.06099999999999994,Eclipsing Binary
19.921,1.10063,0.655,0.8079999999999998,Eclipsing Binary
17.987,4.553963,0.251,0.020000000000003126,Eclipsing Binary
19.078,1.625234,0.367,0.11100000000000065,Eclipsing Binary
16.817,2.33781,0.235,0.43599999999999994,Eclipsing Binary
19.331,6.157061,0.416,0.6340000000000003,Eclipsing Binary
19.109,6.849217,0.294,0.2749999999999986,Eclipsing Binary
16.028,0.67091,0.297,1.782,Eclipsing Binary
18.149,5.19708,0.233,-0.04299999999999926,Eclipsing Binary
16.702,161.10146,0.181,-0.011000000000002785,Eclipsing Binary
18.839,5.732778,0.437,-0.02699999999999747,Eclipsing Binary
19.75,0.599654,0.725,0.3550000000000004,Eclipsing Binary
17.371,14.58509,0.363,0.004000000000001336,Eclipsing Binary
15.953,1.502115,0.18,0.06299999999999883,Eclipsing Binary
16.121,6.9776,0.217,-0.16299999999999848,Eclipsing Binary
18.827,2.06228,0.502,0.17299999999999827,Eclipsing Binary
17.314,1.858132,0.081,0.6269999999999989,Eclipsing Binary
17.21,2.2731,0.28,-0.013999999999999346,Eclipsing Binary
18.151,59.71004,0.246,1.3290000000000006,Eclipsing Binary
17.276,4.72297,0.469,-0.07199999999999918,Eclipsing Binary
19.609,3.695416,0.906,0.34399999999999764,Eclipsing Binary
16.198,4.512815,0.099,0.12399999999999878,Eclipsing Binary
18.809,15.60145,0.514,1.1509999999999998,Eclipsing Binary
19.108,2.123094,0.416,0.41499999999999915,Eclipsing Binary
17.7,40.72047,0.531,0.8019999999999996,Eclipsing Binary
14.964,0.346569,0.448,0.645999999999999,Eclipsing Binary
17.319,1.206206,0.408,0.062000000000001165,Eclipsing Binary
17.232,2.15596,0.584,-0.0990000000000002,Eclipsing Binary
18.579,3.05659,0.484,0.22299999999999898,Eclipsing Binary
19.145,2.574246,0.424,0.07900000000000063,Eclipsing Binary
19.231,3.199381,0.405,0.12899999999999778,Eclipsing Binary
19.353,5.091141,0.41,0.18999999999999773,Eclipsing Binary
19.204,9.92998,0.44,0.6289999999999978,Eclipsing Binary
18.684,5.475,0.352,0.07499999999999929,Eclipsing Binary
17.116,34.831978,0.09,0.004999999999999005,Eclipsing Binary
17.912,2.158433,0.093,0.09700000000000131,Eclipsing Binary
19.732,1.671005,0.562,0.2240000000000002,Eclipsing Binary
19.376,0.649118,0.56,0.5819999999999972,Eclipsing Binary
19.013,3.500769,0.368,0.03599999999999781,Eclipsing Binary
18.178,14.003717,0.157,1.096,Eclipsing Binary
19.689,3.275321,0.598,0.3810000000000002,Eclipsing Binary
17.936,3.979853,0.239,0.16000000000000014,Eclipsing Binary
18.038,7.216023,0.128,0.0779999999999994,Eclipsing Binary
18.981,4.602236,0.307,0.3059999999999974,Eclipsing Binary
19.025,4.833696,0.534,0.13500000000000156,Eclipsing Binary
17.596,9.87985,0.182,-0.08999999999999986,Eclipsing Binary
19.534,2.424441,0.857,0.7010000000000005,Eclipsing Binary
19.156,1.014636,0.614,0.2789999999999999,Eclipsing Binary
17.773,1.888686,0.351,-0.07699999999999818,Eclipsing Binary
18.502,3.003871,0.298,-0.0519999999999996,Eclipsing Binary
18.042,1.70561,0.598,-0.04900000000000304,Eclipsing Binary
18.93,1.346764,1.192,0.11200000000000188,Eclipsing Binary
17.963,3.75352,0.648,0.14699999999999847,Eclipsing Binary
19.311,5.833615,0.579,0.16300000000000026,Eclipsing Binary
15.596,245.32716,0.068,1.5279999999999987,Eclipsing Binary
17.993,0.897293,0.15,0.03400000000000247,Eclipsing Binary
18.991,12.45996,0.366,0.019999999999999574,Eclipsing Binary
19.782,1.336851,0.845,0.21300000000000097,Eclipsing Binary
15.036,2.642015,0.072,2.2249999999999996,Eclipsing Binary
18.676,1.494892,0.404,0.12700000000000244,Eclipsing Binary
17.038,172.991687,0.116,1.158999999999999,Eclipsing Binary
18.612,1.605791,0.426,0.10700000000000287,Eclipsing Binary
18.69,6.106789,0.228,0.14199999999999946,Eclipsing Binary
18.937,3.42854,1.708,0.2469999999999999,Eclipsing Binary
18.815,5.73958,0.324,0.08299999999999841,Eclipsing Binary
16.083,1.796146,0.199,0.030000000000001137,Eclipsing Binary
18.502,6.2448,0.988,1.0370000000000026,Eclipsing Binary
19.142,5.86176,0.483,0.16300000000000026,Eclipsing Binary
18.435,2.722347,0.491,0.3160000000000025,Eclipsing Binary
17.665,0.929664,0.16,0.6700000000000017,Eclipsing Binary
19.635,3.907802,0.763,0.41999999999999815,Eclipsing Binary
18.527,3.522415,0.333,-0.045999999999999375,Eclipsing Binary
18.155,1.507485,0.223,0.08799999999999741,Eclipsing Binary
19.56,6.205617,0.545,0.5730000000000004,Eclipsing Binary
18.456,1.400296,0.316,0.18799999999999883,Eclipsing Binary
19.335,3.603525,0.388,0.1529999999999987,Eclipsing Binary
19.1,3.89535,0.492,0.9349999999999987,Eclipsing Binary
18.919,0.653706,0.922,0.11100000000000065,Eclipsing Binary
17.832,8.3481,0.23,0.04100000000000037,Eclipsing Binary
19.395,1.814769,0.494,0.3880000000000017,Eclipsing Binary
19.185,11.336173,0.345,1.1129999999999995,Eclipsing Binary
17.07,247.604032,0.152,1.3359999999999985,Eclipsing Binary
15.869,5.63876,1.079,0.016000000000000014,Eclipsing Binary
18.677,1.69865,0.399,0.18400000000000105,Eclipsing Binary
16.545,6.65068,0.49,-0.16600000000000037,Eclipsing Binary
19.578,1.872562,0.483,0.3440000000000012,Eclipsing Binary
16.797,40.416264,0.077,1.1679999999999993,Eclipsing Binary
19.305,1.5351,0.542,0.11599999999999966,Eclipsing Binary
19.949,2.099883,0.87,0.5729999999999968,Eclipsing Binary
16.558,1.661669,0.207,-0.125,Eclipsing Binary
17.193,13.76511,0.229,0.06799999999999784,Eclipsing Binary
19.381,2.383108,0.41,0.5060000000000002,Eclipsing Binary
17.471,1.07579,0.145,0.36499999999999844,Eclipsing Binary
18.808,4.70788,0.469,0.5800000000000018,Eclipsing Binary
18.098,3.201148,0.145,0.06400000000000006,Eclipsing Binary
19.67,3.830238,1.09,0.6589999999999989,Eclipsing Binary
17.287,11.68569,0.174,-0.0259999999999998,Eclipsing Binary
19.548,12.193688,0.456,1.0120000000000005,Eclipsing Binary
18.843,1.898184,0.427,0.4920000000000009,Eclipsing Binary
16.444,1.28966,0.116,-0.4759999999999991,Eclipsing Binary
17.419,8.88775,0.094,-0.03999999999999915,Eclipsing Binary
15.906,152.70351,0.195,-0.034000000000000696,Eclipsing Binary
18.724,1.244144,0.203,0.12300000000000111,Eclipsing Binary
18.864,2.581665,0.279,0.08800000000000097,Eclipsing Binary
19.288,4.257048,0.481,0.18299999999999983,Eclipsing Binary
17.672,8.34675,0.147,0.019999999999999574,Eclipsing Binary
19.835,4.604379,0.774,0.44299999999999784,Eclipsing Binary
19.412,6.622418,0.444,0.07499999999999929,Eclipsing Binary
18.585,1.99092,0.477,0.2809999999999988,Eclipsing Binary
16.477,151.649597,0.054,1.0500000000000007,Eclipsing Binary
15.918,1.579745,0.222,-0.12299999999999933,Eclipsing Binary
19.249,1.48929,0.788,0.2430000000000021,Eclipsing Binary
18.315,6.546887,0.203,0.14499999999999957,Eclipsing Binary
19.412,1.827014,0.467,0.19900000000000162,Eclipsing Binary
19.138,1.362483,0.873,0.19599999999999795,Eclipsing Binary
19.87,1.132689,0.649,0.26699999999999946,Eclipsing Binary
18.925,1.449444,0.577,0.15399999999999991,Eclipsing Binary
18.437,47.61164,0.228,0.08699999999999974,Eclipsing Binary
17.988,104.889984,0.144,1.1239999999999988,Eclipsing Binary
18.511,5.85514,0.316,0.26099999999999923,Eclipsing Binary
19.73,2.10302,0.58,0.2699999999999996,Eclipsing Binary
19.942,2.287937,0.646,0.713000000000001,Eclipsing Binary
16.874,28.730888,0.044,0.9039999999999999,Eclipsing Binary
19.247,2.661068,0.447,0.36100000000000065,Eclipsing Binary
18.923,8.077736,1.045,0.33300000000000196,Eclipsing Binary
18.847,38.14688,0.313,-0.012000000000000455,Eclipsing Binary
17.815,14.720909,0.214,1.0559999999999974,Eclipsing Binary
18.029,10.27133,0.126,0.6380000000000017,Eclipsing Binary
19.128,12.2818,0.303,-0.009000000000000341,Eclipsing Binary
19.5,0.465305,0.657,0.18599999999999994,Eclipsing Binary
16.796,7.254197,0.096,-0.053999999999998494,Eclipsing Binary
17.258,10.674744,0.077,0.12100000000000222,Eclipsing Binary
18.532,2.996701,0.499,0.4259999999999984,Eclipsing Binary
18.734,1.50462,0.276,0.09999999999999787,Eclipsing Binary
15.78,1.125079,0.118,-0.0389999999999997,Eclipsing Binary
19.619,3.00535,0.598,0.21600000000000108,Eclipsing Binary
17.668,2.5117,0.366,-0.0009999999999976694,Eclipsing Binary
19.5,5.04496,0.957,0.30799999999999983,Eclipsing Binary
19.701,4.053394,0.803,0.28500000000000014,Eclipsing Binary
18.776,2.723369,0.312,0.08599999999999852,Eclipsing Binary
16.315,9.984472,0.147,-0.02500000000000213,Eclipsing Binary
17.533,3.15878,0.568,0.04299999999999926,Eclipsing Binary
16.44,2.744818,0.233,0.003999999999997783,Eclipsing Binary
19.715,2.328695,1.133,0.34499999999999886,Eclipsing Binary
18.221,16.6245,0.426,-0.012000000000000455,Eclipsing Binary
19.597,1.442532,0.682,0.3319999999999972,Eclipsing Binary
17.29,3.474932,0.083,0.013000000000001677,Eclipsing Binary
16.405,1.410471,0.377,-0.12700000000000244,Eclipsing Binary
15.969,907.00116,0.048,0.8699999999999992,Eclipsing Binary
17.515,2.153593,0.185,0.08999999999999986,Eclipsing Binary
19.467,7.710087,0.43,0.0660000000000025,Eclipsing Binary
19.566,1.672136,0.439,0.24099999999999966,Eclipsing Binary
17.709,2.110161,0.082,-0.03399999999999892,Eclipsing Binary
16.954,95.264271,0.065,1.0599999999999987,Eclipsing Binary
17.145,9.4585,0.128,0.2710000000000008,Eclipsing Binary
19.334,4.842416,0.763,0.9230000000000018,Eclipsing Binary
19.369,1.577775,0.393,0.3520000000000003,Eclipsing Binary
19.173,1.364947,0.407,0.1960000000000015,Eclipsing Binary
19.654,5.22494,0.711,0.713000000000001,Eclipsing Binary
18.336,5.400032,0.234,0.07200000000000273,Eclipsing Binary
18.602,3.912005,0.413,0.18400000000000105,Eclipsing Binary
19.331,4.263133,0.464,1.0130000000000017,Eclipsing Binary
18.465,3.82936,0.257,0.038000000000000256,Eclipsing Binary
17.33,7.524864,0.11,-0.09599999999999653,Eclipsing Binary
18.805,7.798076,0.228,0.8300000000000018,Eclipsing Binary
19.624,3.294196,0.661,0.4120000000000026,Eclipsing Binary
16.496,4.09728,0.176,-0.06700000000000017,Eclipsing Binary
19.417,2.53544,1.02,0.21599999999999753,Eclipsing Binary
19.816,4.079526,0.634,0.4700000000000024,Eclipsing Binary
18.505,10.66834,0.232,0.28800000000000026,Eclipsing Binary
16.26,2.899289,0.371,-0.3210000000000015,Eclipsing Binary
15.354,4.2869,0.107,-0.18799999999999883,Eclipsing Binary
18.741,2.151973,0.468,0.05999999999999872,Eclipsing Binary
18.723,1.114159,0.275,0.06500000000000128,Eclipsing Binary
18.342,4.72942,0.397,-0.09199999999999875,Eclipsing Binary
18.422,0.91767,0.172,0.11700000000000088,Eclipsing Binary
18.171,14.02765,0.191,0.1700000000000017,Eclipsing Binary
16.292,0.59467,0.614,1.200999999999997,Eclipsing Binary
19.614,0.588864,0.734,0.006000000000000227,Eclipsing Binary
17.433,98.333245,0.139,1.2220000000000013,Eclipsing Binary
15.701,89.166623,0.259,1.2749999999999986,Eclipsing Binary
19.545,4.258477,0.39,1.2189999999999976,Eclipsing Binary
19.834,1.425734,0.661,0.16600000000000037,Eclipsing Binary
17.011,2.09529,0.067,-0.012000000000000455,Eclipsing Binary
15.263,300.704545,0.046,1.5860000000000003,Eclipsing Binary
19.622,1.284966,0.632,0.1999999999999993,Eclipsing Binary
18.201,5.120856,0.526,0.12399999999999878,Eclipsing Binary
18.781,6.13797,0.465,-0.021999999999998465,Eclipsing Binary
18.05,1.809067,0.206,0.10899999999999821,Eclipsing Binary
18.947,1.703574,0.437,0.3979999999999997,Eclipsing Binary
19.657,2.740543,0.759,0.2740000000000009,Eclipsing Binary
18.361,17.705294,0.158,0.9839999999999982,Eclipsing Binary
19.455,4.01952,0.412,0.07400000000000162,Eclipsing Binary
16.329,1.08056,0.257,-0.28200000000000003,Eclipsing Binary
16.404,2.471256,0.634,0.004999999999999005,Eclipsing Binary
16.428,9.268621,0.084,-0.16600000000000037,Eclipsing Binary
19.266,2.962883,0.383,0.11200000000000188,Eclipsing Binary
19.642,7.91793,0.464,0.6640000000000015,Eclipsing Binary
19.957,5.386401,0.693,0.4549999999999983,Eclipsing Binary
16.46,30.36781,0.963,0.8129999999999988,Eclipsing Binary
19.689,0.913715,0.562,0.21300000000000097,Eclipsing Binary
17.501,8.81553,0.265,0.08099999999999952,Eclipsing Binary
17.389,1.314726,0.247,-0.05000000000000071,Eclipsing Binary
16.544,1.5347,0.632,-0.11299999999999955,Eclipsing Binary
18.721,1.308717,0.457,0.047999999999998266,Eclipsing Binary
19.888,0.704337,0.978,0.19799999999999685,Eclipsing Binary
18.465,0.472426,0.442,0.2079999999999984,Eclipsing Binary
18.607,8.388546,0.526,0.532,Eclipsing Binary
18.66,44.2684,0.32,-0.062000000000001165,Eclipsing Binary
19.077,3.602087,0.576,0.25299999999999656,Eclipsing Binary
15.843,1.03901,0.217,-0.10200000000000031,Eclipsing Binary
18.191,1.51576,0.185,0.0660000000000025,Eclipsing Binary
19.629,3.40026,1.043,0.4859999999999971,Eclipsing Binary
16.146,4.23999,0.107,-0.10200000000000031,Eclipsing Binary
15.923,0.840002,0.167,0.041999999999999815,Eclipsing Binary
18.164,0.417813,0.768,0.9889999999999972,Eclipsing Binary
18.283,2.312593,0.134,0.2029999999999994,Eclipsing Binary
18.358,3.345686,0.225,0.010999999999999233,Eclipsing Binary
18.951,15.50417,0.309,0.1739999999999995,Eclipsing Binary
15.111,1.823772,0.129,-0.08500000000000085,Eclipsing Binary
18.801,2.327105,0.491,0.5500000000000007,Eclipsing Binary
16.289,4.2239,0.212,-0.1440000000000019,Eclipsing Binary
19.649,5.126955,0.445,0.5289999999999999,Eclipsing Binary
17.509,2.907571,0.241,0.053000000000000824,Eclipsing Binary
18.882,5.381066,0.355,0.1839999999999975,Eclipsing Binary
19.142,3.551119,0.528,0.05799999999999983,Eclipsing Binary
18.12,2.055441,0.104,-0.06300000000000239,Eclipsing Binary
17.878,4.869886,0.104,-0.05600000000000094,Eclipsing Binary
17.808,2.328273,0.175,-0.05900000000000105,Eclipsing Binary
18.746,3.021842,0.175,0.15399999999999991,Eclipsing Binary
17.813,1.321824,0.337,-0.036999999999999034,Eclipsing Binary
19.195,42.45536,0.304,0.04899999999999949,Eclipsing Binary
18.335,3.627963,0.21,0.5410000000000004,Eclipsing Binary
19.4,2.811991,0.627,0.13200000000000145,Eclipsing Binary
19.194,3.187738,0.317,0.34299999999999997,Eclipsing Binary
19.593,1.55465,0.556,0.3619999999999983,Eclipsing Binary
19.421,1.69443,0.973,0.1700000000000017,Eclipsing Binary
16.59,2.282115,0.095,0.21999999999999886,Eclipsing Binary
17.487,16.939599,0.666,0.9100000000000001,Eclipsing Binary
19.247,7.563747,0.673,0.713000000000001,Eclipsing Binary
18.312,15.57319,0.295,0.013999999999999346,Eclipsing Binary
19.883,3.320389,0.847,0.41300000000000026,Eclipsing Binary
16.957,1.417585,0.133,-0.05100000000000193,Eclipsing Binary
16.943,1.230044,0.076,-0.022999999999999687,Eclipsing Binary
18.433,5.78827,0.201,-0.038000000000000256,Eclipsing Binary
19.967,2.558854,0.816,0.5730000000000004,Eclipsing Binary
18.598,1.731662,0.311,0.5330000000000013,Eclipsing Binary
15.74,1.817687,0.607,-0.04400000000000048,Eclipsing Binary
18.814,1.654805,0.957,0.2049999999999983,Eclipsing Binary
19.003,5.527558,0.29,0.2740000000000009,Eclipsing Binary
17.902,3.51654,0.324,0.01699999999999946,Eclipsing Binary
15.204,618.0614,0.2,1.448999999999998,Eclipsing Binary
17.513,2.412998,0.108,0.23199999999999932,Eclipsing Binary
19.771,4.38734,0.595,0.13899999999999935,Eclipsing Binary
16.335,2.189583,0.104,0.41699999999999804,Eclipsing Binary
17.888,1.049487,0.604,-0.019000000000001904,Eclipsing Binary
19.681,2.898676,0.581,0.4819999999999993,Eclipsing Binary
18.129,11.273214,0.676,0.6890000000000001,Eclipsing Binary
18.203,11.729399,0.214,1.024000000000001,Eclipsing Binary
18.554,6.551781,0.356,0.11100000000000065,Eclipsing Binary
18.537,0.968997,0.559,0.2480000000000011,Eclipsing Binary
18.699,7.886584,0.415,0.4089999999999989,Eclipsing Binary
19.566,1.787019,0.406,1.0420000000000016,Eclipsing Binary
16.585,1.087924,0.087,0.31799999999999784,Eclipsing Binary
17.08,7.239986,0.175,-0.1269999999999989,Eclipsing Binary
18.052,1.625163,0.19,0.29100000000000037,Eclipsing Binary
18.891,0.92244,0.431,0.1700000000000017,Eclipsing Binary
17.215,1.68963,0.323,-0.027000000000001023,Eclipsing Binary
17.965,262.959408,0.073,0.9870000000000019,Eclipsing Binary
17.666,2.1966,0.235,-0.05600000000000094,Eclipsing Binary
19.163,1.21185,0.526,0.1460000000000008,Eclipsing Binary
18.156,3.055331,0.278,0.1180000000000021,Eclipsing Binary
18.569,7.550231,0.215,0.7870000000000026,Eclipsing Binary
18.531,2.275177,0.263,0.07700000000000173,Eclipsing Binary
18.686,1.580115,0.326,0.06599999999999895,Eclipsing Binary
16.713,3.49547,0.075,-0.1180000000000021,Eclipsing Binary
16.895,185.1851,0.228,0.6479999999999997,Eclipsing Binary
19.652,2.014381,0.723,0.018000000000000682,Eclipsing Binary
17.352,4.87225,0.109,0.28999999999999915,Eclipsing Binary
18.619,6.200721,0.453,0.9009999999999998,Eclipsing Binary
17.038,1.502185,0.248,-0.10200000000000031,Eclipsing Binary
19.626,2.23299,0.555,0.4059999999999988,Eclipsing Binary
19.461,3.684542,0.367,0.2710000000000008,Eclipsing Binary
18.088,1.388966,0.185,-0.03900000000000148,Eclipsing Binary
18.671,70.19537,0.165,0.23799999999999955,Eclipsing Binary
17.19,40.97746,0.106,1.014999999999997,Eclipsing Binary
18.674,4.137961,0.45,0.129999999999999,Eclipsing Binary
19.133,3.784299,0.647,0.08800000000000097,Eclipsing Binary
17.697,4.511677,0.152,0.022000000000002018,Eclipsing Binary
17.812,2.921461,0.169,0.21099999999999852,Eclipsing Binary
19.251,3.48131,0.856,0.44099999999999895,Eclipsing Binary
16.148,3.28821,0.204,-0.1609999999999996,Eclipsing Binary
19.276,2.82947,0.687,0.18499999999999872,Eclipsing Binary
18.653,2.070443,0.632,0.142000000000003,Eclipsing Binary
16.655,79.597525,0.526,0.3509999999999991,Eclipsing Binary
18.035,3.32208,0.251,0.09700000000000131,Eclipsing Binary
15.263,4.89694,0.178,-0.10999999999999943,Eclipsing Binary
15.63,1.138396,0.18,-0.040000000000000924,Eclipsing Binary
18.64,25.564,0.316,0.04299999999999926,Eclipsing Binary
19.936,1.121683,0.843,0.11700000000000088,Eclipsing Binary
19.147,10.0066,0.337,0.06500000000000128,Eclipsing Binary
19.529,3.227833,0.475,0.3719999999999999,Eclipsing Binary
18.899,99.89707,0.285,0.45700000000000074,Eclipsing Binary
17.644,36.83912,0.463,0.9140000000000015,Eclipsing Binary
16.991,3.442821,0.211,0.20700000000000074,Eclipsing Binary
19.169,1.432576,0.691,0.09699999999999775,Eclipsing Binary
16.958,2.754495,0.441,-0.015999999999998238,Eclipsing Binary
19.081,98.15819,0.276,0.10600000000000165,Eclipsing Binary
18.738,2.90998,0.473,0.012000000000000455,Eclipsing Binary
19.465,6.040369,0.589,0.16199999999999903,Eclipsing Binary
15.532,2.18835,0.153,-0.13700000000000045,Eclipsing Binary
19.066,1.918146,0.304,0.30600000000000094,Eclipsing Binary
18.931,2.714158,0.255,0.03999999999999915,Eclipsing Binary
18.84,0.527852,0.535,0.13500000000000156,Eclipsing Binary
18.349,2.027586,0.446,0.02499999999999858,Eclipsing Binary
16.548,2.561988,0.469,-0.04899999999999949,Eclipsing Binary
14.978,131.586105,0.076,1.241999999999999,Eclipsing Binary
19.801,3.66233,1.008,0.32700000000000173,Eclipsing Binary
17.803,1.651664,0.559,0.0730000000000004,Eclipsing Binary
19.497,1.62577,0.675,0.5139999999999993,Eclipsing Binary
17.432,90.52273,0.156,0.782,Eclipsing Binary
16.066,21.04604,0.072,0.9420000000000002,Eclipsing Binary
17.695,6.96151,0.155,0.015999999999998238,Eclipsing Binary
18.493,2.950413,0.285,0.42400000000000304,Eclipsing Binary
17.01,6.070114,0.202,-0.02400000000000091,Eclipsing Binary
19.712,1.82077,0.858,0.16799999999999926,Eclipsing Binary
17.536,9.242061,0.218,0.15700000000000003,Eclipsing Binary
16.92,2.620315,0.336,-0.053000000000000824,Eclipsing Binary
16.099,1.82416,0.475,0.07900000000000063,Eclipsing Binary
19.866,2.659821,0.643,0.23400000000000176,Eclipsing Binary
18.141,2.750784,0.133,-0.00999999999999801,Eclipsing Binary
18.908,1.33933,0.455,0.3059999999999974,Eclipsing Binary
19.126,3.848746,0.86,0.027999999999998693,Eclipsing Binary
19.461,7.151646,0.582,0.35800000000000054,Eclipsing Binary
19.762,1.628363,0.607,0.35800000000000054,Eclipsing Binary
17.54,20.33769,0.259,-0.05099999999999838,Eclipsing Binary
16.16,3.042739,0.12,-0.11899999999999977,Eclipsing Binary
15.868,0.254277,0.196,1.892999999999999,Eclipsing Binary
19.428,20.41696,0.536,0.18999999999999773,Eclipsing Binary
19.578,7.026565,0.442,0.6900000000000013,Eclipsing Binary
16.146,0.984503,0.214,-0.0779999999999994,Eclipsing Binary
19.67,0.900593,0.952,-0.0030000000000001137,Eclipsing Binary
19.178,5.072054,0.362,0.11299999999999955,Eclipsing Binary
18.781,3.465118,0.411,0.9619999999999997,Eclipsing Binary
19.51,1.430138,0.553,0.3379999999999974,Eclipsing Binary
19.513,1.976164,0.474,0.4819999999999993,Eclipsing Binary
19.004,4.85662,0.864,0.3869999999999969,Eclipsing Binary
15.426,0.992184,0.691,-0.22199999999999953,Eclipsing Binary
